-- MySQL dump 10.13  Distrib 5.5.25a, for osx10.7 (i386)
--
-- Host: localhost    Database: financas
-- ------------------------------------------------------
-- Server version	5.5.25a
-- ------------------------------------------------------
-- Para importar o arquivo SQL no mysql em sistemas unix/linux usa na linha de comando:
-- mysql -u root -p -h localhost --database=financas < financas.sql
-- O banco financas deve existir antes de importar(create database financas).

DROP TABLE IF EXISTS `movimentacoes`;
DROP TABLE IF EXISTS `categorias`;
DROP TABLE IF EXISTS `contas`;

CREATE TABLE `categorias` (
  `id` int(11) NOT NULL AUTO_INCREMENT,
  `nome` varchar(255) DEFAULT NULL,
  PRIMARY KEY (`id`)
) ENGINE=InnoDB AUTO_INCREMENT=8 DEFAULT CHARSET=utf8;


CREATE TABLE `contas` (
  `id` int(11) NOT NULL AUTO_INCREMENT,
  `agencia` varchar(255) DEFAULT NULL,
  `banco` varchar(255) DEFAULT NULL,
  `numero` varchar(255) DEFAULT NULL,
  `titular` varchar(255) DEFAULT NULL,
  PRIMARY KEY (`id`)
) ENGINE=InnoDB AUTO_INCREMENT=6 DEFAULT CHARSET=utf8;

CREATE TABLE `movimentacoes` (
  `id` int(11) NOT NULL AUTO_INCREMENT,
  `data` date DEFAULT NULL,
  `descricao` varchar(255) DEFAULT NULL,
  `tipoMovimentacao` varchar(255) DEFAULT NULL,
  `valor` decimal(19,2) DEFAULT NULL,
  `categoria_id` int(11) DEFAULT NULL,
  `conta_id` int(11) DEFAULT NULL,
  PRIMARY KEY (`id`),
  KEY `FK5AB96F28C547677D` (`conta_id`),
  KEY `FK5AB96F28A4D1177D` (`categoria_id`),
  CONSTRAINT `FK5AB96F28A4D1177D` FOREIGN KEY (`categoria_id`) REFERENCES `categorias` (`id`),
  CONSTRAINT `FK5AB96F28C547677D` FOREIGN KEY (`conta_id`) REFERENCES `contas` (`id`)
) ENGINE=InnoDB AUTO_INCREMENT=937 DEFAULT CHARSET=utf8;


INSERT INTO `contas` (`id`,`agencia`,`banco`,`numero`,`titular`) VALUES (1,'1045','HSBC','30985501','Joao Passos');
INSERT INTO `contas` (`id`,`agencia`,`banco`,`numero`,`titular`) VALUES (2,'2075','Itau','43804402','Maria Silva');
INSERT INTO `contas` (`id`,`agencia`,`banco`,`numero`,`titular`) VALUES (3,'3033','Bradesco','12775403','Pedro Santos');
INSERT INTO `contas` (`id`,`agencia`,`banco`,`numero`,`titular`) VALUES (4,'4400','Banco do Brasil','97009804','Antonio Souza');
INSERT INTO `contas` (`id`,`agencia`,`banco`,`numero`,`titular`) VALUES (5,'5103','Santander','54783905','Pedro Oliveira');

INSERT INTO `categorias` (`id`,`nome`) VALUES (1,'Renda familiar');
INSERT INTO `categorias` (`id`,`nome`) VALUES (2,'Habitação');
INSERT INTO `categorias` (`id`,`nome`) VALUES (3,'Despesas pessoais');
INSERT INTO `categorias` (`id`,`nome`) VALUES (4,'Saúde');
INSERT INTO `categorias` (`id`,`nome`) VALUES (5,'Transporte');
INSERT INTO `categorias` (`id`,`nome`) VALUES (6,'Lazer');
INSERT INTO `categorias` (`id`,`nome`) VALUES (7,'Automóvel');


INSERT INTO `movimentacoes` (`id`,`data`,`descricao`,`tipoMovimentacao`,`valor`,`categoria_id`,`conta_id`) VALUES (1,'2012-01-01','Salário mensal','ENTRADA',2136.60,1,1);
INSERT INTO `movimentacoes` (`id`,`data`,`descricao`,`tipoMovimentacao`,`valor`,`categoria_id`,`conta_id`) VALUES (2,'2012-01-03','Supermercado','SAIDA',351.40,2,1);
INSERT INTO `movimentacoes` (`id`,`data`,`descricao`,`tipoMovimentacao`,`valor`,`categoria_id`,`conta_id`) VALUES (3,'2012-01-03','Luz','SAIDA',98.50,2,1);
INSERT INTO `movimentacoes` (`id`,`data`,`descricao`,`tipoMovimentacao`,`valor`,`categoria_id`,`conta_id`) VALUES (4,'2012-01-03',NULL,'SAIDA',12.50,2,1);
INSERT INTO `movimentacoes` (`id`,`data`,`descricao`,`tipoMovimentacao`,`valor`,`categoria_id`,`conta_id`) VALUES (5,'2012-01-03','Aluguel','SAIDA',469.10,2,1);
INSERT INTO `movimentacoes` (`id`,`data`,`descricao`,`tipoMovimentacao`,`valor`,`categoria_id`,`conta_id`) VALUES (6,'2012-01-03','Condomínio','SAIDA',240.60,2,1);
INSERT INTO `movimentacoes` (`id`,`data`,`descricao`,`tipoMovimentacao`,`valor`,`categoria_id`,`conta_id`) VALUES (7,'2012-01-04','TV por assinatura','SAIDA',152.70,2,1);
INSERT INTO `movimentacoes` (`id`,`data`,`descricao`,`tipoMovimentacao`,`valor`,`categoria_id`,`conta_id`) VALUES (8,'2012-01-04','Telefone fixo','SAIDA',52.23,2,1);
INSERT INTO `movimentacoes` (`id`,`data`,`descricao`,`tipoMovimentacao`,`valor`,`categoria_id`,`conta_id`) VALUES (9,'2012-01-08','Prestação Carro','SAIDA',230.00,7,1);
INSERT INTO `movimentacoes` (`id`,`data`,`descricao`,`tipoMovimentacao`,`valor`,`categoria_id`,`conta_id`) VALUES (10,'2012-01-08','Onibus','SAIDA',77.80,5,1);
INSERT INTO `movimentacoes` (`id`,`data`,`descricao`,`tipoMovimentacao`,`valor`,`categoria_id`,`conta_id`) VALUES (11,'2012-01-08','Plano de saúde','SAIDA',46.70,4,1);
INSERT INTO `movimentacoes` (`id`,`data`,`descricao`,`tipoMovimentacao`,`valor`,`categoria_id`,`conta_id`) VALUES (12,'2012-01-08','Medicamentos','SAIDA',124.89,4,1);
INSERT INTO `movimentacoes` (`id`,`data`,`descricao`,`tipoMovimentacao`,`valor`,`categoria_id`,`conta_id`) VALUES (13,'2012-01-22','Prestação da casa','SAIDA',226.40,2,1);
INSERT INTO `movimentacoes` (`id`,`data`,`descricao`,`tipoMovimentacao`,`valor`,`categoria_id`,`conta_id`) VALUES (14,'2012-01-22','Restaurante','SAIDA',79.90,6,1);
INSERT INTO `movimentacoes` (`id`,`data`,`descricao`,`tipoMovimentacao`,`valor`,`categoria_id`,`conta_id`) VALUES (15,'2012-01-22','Celular','SAIDA',69.60,6,1);
INSERT INTO `movimentacoes` (`id`,`data`,`descricao`,`tipoMovimentacao`,`valor`,`categoria_id`,`conta_id`) VALUES (16,'2012-01-26','Creche','SAIDA',352.30,2,1);
INSERT INTO `movimentacoes` (`id`,`data`,`descricao`,`tipoMovimentacao`,`valor`,`categoria_id`,`conta_id`) VALUES (17,'2012-02-01','Salário mensal','ENTRADA',2136.60,1,1);
INSERT INTO `movimentacoes` (`id`,`data`,`descricao`,`tipoMovimentacao`,`valor`,`categoria_id`,`conta_id`) VALUES (18,'2012-02-03','Supermercado','SAIDA',355.40,2,1);
INSERT INTO `movimentacoes` (`id`,`data`,`descricao`,`tipoMovimentacao`,`valor`,`categoria_id`,`conta_id`) VALUES (19,'2012-02-03','Luz','SAIDA',112.50,2,1);
INSERT INTO `movimentacoes` (`id`,`data`,`descricao`,`tipoMovimentacao`,`valor`,`categoria_id`,`conta_id`) VALUES (20,'2012-02-03',NULL,'SAIDA',14.50,2,1);
INSERT INTO `movimentacoes` (`id`,`data`,`descricao`,`tipoMovimentacao`,`valor`,`categoria_id`,`conta_id`) VALUES (21,'2012-02-03','Aluguel','SAIDA',469.10,2,1);
INSERT INTO `movimentacoes` (`id`,`data`,`descricao`,`tipoMovimentacao`,`valor`,`categoria_id`,`conta_id`) VALUES (22,'2012-02-03','Condomínio','SAIDA',222.60,2,1);
INSERT INTO `movimentacoes` (`id`,`data`,`descricao`,`tipoMovimentacao`,`valor`,`categoria_id`,`conta_id`) VALUES (23,'2012-02-04','TV por assinatura','SAIDA',152.70,2,1);
INSERT INTO `movimentacoes` (`id`,`data`,`descricao`,`tipoMovimentacao`,`valor`,`categoria_id`,`conta_id`) VALUES (24,'2012-02-04','Telefone fixo','SAIDA',62.23,2,1);
INSERT INTO `movimentacoes` (`id`,`data`,`descricao`,`tipoMovimentacao`,`valor`,`categoria_id`,`conta_id`) VALUES (25,'2012-02-08','Prestação Carro','SAIDA',230.00,7,1);
INSERT INTO `movimentacoes` (`id`,`data`,`descricao`,`tipoMovimentacao`,`valor`,`categoria_id`,`conta_id`) VALUES (26,'2012-02-08','Onibus','SAIDA',77.80,5,1);
INSERT INTO `movimentacoes` (`id`,`data`,`descricao`,`tipoMovimentacao`,`valor`,`categoria_id`,`conta_id`) VALUES (27,'2012-02-08','Plano de saúde','SAIDA',46.70,4,1);
INSERT INTO `movimentacoes` (`id`,`data`,`descricao`,`tipoMovimentacao`,`valor`,`categoria_id`,`conta_id`) VALUES (28,'2012-02-08','Medicamentos','SAIDA',124.89,4,1);
INSERT INTO `movimentacoes` (`id`,`data`,`descricao`,`tipoMovimentacao`,`valor`,`categoria_id`,`conta_id`) VALUES (29,'2012-02-22','Prestação da casa','SAIDA',244.40,2,1);
INSERT INTO `movimentacoes` (`id`,`data`,`descricao`,`tipoMovimentacao`,`valor`,`categoria_id`,`conta_id`) VALUES (30,'2012-02-22','Restaurante','SAIDA',95.90,6,1);
INSERT INTO `movimentacoes` (`id`,`data`,`descricao`,`tipoMovimentacao`,`valor`,`categoria_id`,`conta_id`) VALUES (31,'2012-02-22','Celular','SAIDA',55.60,6,1);
INSERT INTO `movimentacoes` (`id`,`data`,`descricao`,`tipoMovimentacao`,`valor`,`categoria_id`,`conta_id`) VALUES (32,'2012-02-26','Creche','SAIDA',350.30,2,1);
INSERT INTO `movimentacoes` (`id`,`data`,`descricao`,`tipoMovimentacao`,`valor`,`categoria_id`,`conta_id`) VALUES (33,'2012-03-01','Salário mensal','ENTRADA',2136.60,1,1);
INSERT INTO `movimentacoes` (`id`,`data`,`descricao`,`tipoMovimentacao`,`valor`,`categoria_id`,`conta_id`) VALUES (34,'2012-03-03','Supermercado','SAIDA',335.40,2,1);
INSERT INTO `movimentacoes` (`id`,`data`,`descricao`,`tipoMovimentacao`,`valor`,`categoria_id`,`conta_id`) VALUES (35,'2012-03-03','Luz','SAIDA',98.50,2,1);
INSERT INTO `movimentacoes` (`id`,`data`,`descricao`,`tipoMovimentacao`,`valor`,`categoria_id`,`conta_id`) VALUES (36,'2012-03-03',NULL,'SAIDA',16.50,2,1);
INSERT INTO `movimentacoes` (`id`,`data`,`descricao`,`tipoMovimentacao`,`valor`,`categoria_id`,`conta_id`) VALUES (37,'2012-03-03','Aluguel','SAIDA',469.10,2,1);
INSERT INTO `movimentacoes` (`id`,`data`,`descricao`,`tipoMovimentacao`,`valor`,`categoria_id`,`conta_id`) VALUES (38,'2012-03-03','Condomínio','SAIDA',232.60,2,1);
INSERT INTO `movimentacoes` (`id`,`data`,`descricao`,`tipoMovimentacao`,`valor`,`categoria_id`,`conta_id`) VALUES (39,'2012-03-04','TV por assinatura','SAIDA',152.70,2,1);
INSERT INTO `movimentacoes` (`id`,`data`,`descricao`,`tipoMovimentacao`,`valor`,`categoria_id`,`conta_id`) VALUES (40,'2012-03-04','Telefone fixo','SAIDA',52.23,2,1);
INSERT INTO `movimentacoes` (`id`,`data`,`descricao`,`tipoMovimentacao`,`valor`,`categoria_id`,`conta_id`) VALUES (41,'2012-03-08','Prestação Carro','SAIDA',230.00,7,1);
INSERT INTO `movimentacoes` (`id`,`data`,`descricao`,`tipoMovimentacao`,`valor`,`categoria_id`,`conta_id`) VALUES (42,'2012-03-08','Onibus','SAIDA',59.80,5,1);
INSERT INTO `movimentacoes` (`id`,`data`,`descricao`,`tipoMovimentacao`,`valor`,`categoria_id`,`conta_id`) VALUES (43,'2012-03-08','Plano de saúde','SAIDA',66.70,4,1);
INSERT INTO `movimentacoes` (`id`,`data`,`descricao`,`tipoMovimentacao`,`valor`,`categoria_id`,`conta_id`) VALUES (44,'2012-03-08','Medicamentos','SAIDA',124.89,4,1);
INSERT INTO `movimentacoes` (`id`,`data`,`descricao`,`tipoMovimentacao`,`valor`,`categoria_id`,`conta_id`) VALUES (45,'2012-03-22','Prestação da casa','SAIDA',226.40,2,1);
INSERT INTO `movimentacoes` (`id`,`data`,`descricao`,`tipoMovimentacao`,`valor`,`categoria_id`,`conta_id`) VALUES (46,'2012-03-22','Restaurante','SAIDA',79.90,6,1);
INSERT INTO `movimentacoes` (`id`,`data`,`descricao`,`tipoMovimentacao`,`valor`,`categoria_id`,`conta_id`) VALUES (47,'2012-03-22','Celular','SAIDA',67.60,6,1);
INSERT INTO `movimentacoes` (`id`,`data`,`descricao`,`tipoMovimentacao`,`valor`,`categoria_id`,`conta_id`) VALUES (48,'2012-03-26','Creche','SAIDA',336.30,2,1);
INSERT INTO `movimentacoes` (`id`,`data`,`descricao`,`tipoMovimentacao`,`valor`,`categoria_id`,`conta_id`) VALUES (49,'2012-04-01','Salário mensal','ENTRADA',2136.60,1,1);
INSERT INTO `movimentacoes` (`id`,`data`,`descricao`,`tipoMovimentacao`,`valor`,`categoria_id`,`conta_id`) VALUES (50,'2012-04-03','Supermercado','SAIDA',353.40,2,1);
INSERT INTO `movimentacoes` (`id`,`data`,`descricao`,`tipoMovimentacao`,`valor`,`categoria_id`,`conta_id`) VALUES (51,'2012-04-03','Luz','SAIDA',110.50,2,1);
INSERT INTO `movimentacoes` (`id`,`data`,`descricao`,`tipoMovimentacao`,`valor`,`categoria_id`,`conta_id`) VALUES (52,'2012-04-03',NULL,'SAIDA',12.50,2,1);
INSERT INTO `movimentacoes` (`id`,`data`,`descricao`,`tipoMovimentacao`,`valor`,`categoria_id`,`conta_id`) VALUES (53,'2012-04-03','Aluguel','SAIDA',469.10,2,1);
INSERT INTO `movimentacoes` (`id`,`data`,`descricao`,`tipoMovimentacao`,`valor`,`categoria_id`,`conta_id`) VALUES (54,'2012-04-03','Condomínio','SAIDA',238.60,2,1);
INSERT INTO `movimentacoes` (`id`,`data`,`descricao`,`tipoMovimentacao`,`valor`,`categoria_id`,`conta_id`) VALUES (55,'2012-04-04','TV por assinatura','SAIDA',166.70,2,1);
INSERT INTO `movimentacoes` (`id`,`data`,`descricao`,`tipoMovimentacao`,`valor`,`categoria_id`,`conta_id`) VALUES (56,'2012-04-04','Telefone fixo','SAIDA',66.23,2,1);
INSERT INTO `movimentacoes` (`id`,`data`,`descricao`,`tipoMovimentacao`,`valor`,`categoria_id`,`conta_id`) VALUES (57,'2012-04-08','Prestação Carro','SAIDA',236.00,7,1);
INSERT INTO `movimentacoes` (`id`,`data`,`descricao`,`tipoMovimentacao`,`valor`,`categoria_id`,`conta_id`) VALUES (58,'2012-04-08','Onibus','SAIDA',59.80,5,1);
INSERT INTO `movimentacoes` (`id`,`data`,`descricao`,`tipoMovimentacao`,`valor`,`categoria_id`,`conta_id`) VALUES (59,'2012-04-08','Plano de saúde','SAIDA',58.70,4,1);
INSERT INTO `movimentacoes` (`id`,`data`,`descricao`,`tipoMovimentacao`,`valor`,`categoria_id`,`conta_id`) VALUES (60,'2012-04-08','Medicamentos','SAIDA',140.89,4,1);
INSERT INTO `movimentacoes` (`id`,`data`,`descricao`,`tipoMovimentacao`,`valor`,`categoria_id`,`conta_id`) VALUES (61,'2012-04-22','Prestação da casa','SAIDA',238.40,2,1);
INSERT INTO `movimentacoes` (`id`,`data`,`descricao`,`tipoMovimentacao`,`valor`,`categoria_id`,`conta_id`) VALUES (62,'2012-04-22','Restaurante','SAIDA',91.90,6,1);
INSERT INTO `movimentacoes` (`id`,`data`,`descricao`,`tipoMovimentacao`,`valor`,`categoria_id`,`conta_id`) VALUES (63,'2012-04-22','Celular','SAIDA',65.60,6,1);
INSERT INTO `movimentacoes` (`id`,`data`,`descricao`,`tipoMovimentacao`,`valor`,`categoria_id`,`conta_id`) VALUES (64,'2012-04-26','Creche','SAIDA',350.30,2,1);
INSERT INTO `movimentacoes` (`id`,`data`,`descricao`,`tipoMovimentacao`,`valor`,`categoria_id`,`conta_id`) VALUES (65,'2012-05-01','Salário mensal','ENTRADA',2136.60,1,1);
INSERT INTO `movimentacoes` (`id`,`data`,`descricao`,`tipoMovimentacao`,`valor`,`categoria_id`,`conta_id`) VALUES (66,'2012-05-03','Supermercado','SAIDA',335.40,2,1);
INSERT INTO `movimentacoes` (`id`,`data`,`descricao`,`tipoMovimentacao`,`valor`,`categoria_id`,`conta_id`) VALUES (67,'2012-05-03','Luz','SAIDA',98.50,2,1);
INSERT INTO `movimentacoes` (`id`,`data`,`descricao`,`tipoMovimentacao`,`valor`,`categoria_id`,`conta_id`) VALUES (68,'2012-05-03',NULL,'SAIDA',1.50,2,1);
INSERT INTO `movimentacoes` (`id`,`data`,`descricao`,`tipoMovimentacao`,`valor`,`categoria_id`,`conta_id`) VALUES (69,'2012-05-03','Aluguel','SAIDA',469.10,2,1);
INSERT INTO `movimentacoes` (`id`,`data`,`descricao`,`tipoMovimentacao`,`valor`,`categoria_id`,`conta_id`) VALUES (70,'2012-05-03','Condomínio','SAIDA',232.60,2,1);
INSERT INTO `movimentacoes` (`id`,`data`,`descricao`,`tipoMovimentacao`,`valor`,`categoria_id`,`conta_id`) VALUES (71,'2012-05-04','TV por assinatura','SAIDA',152.70,2,1);
INSERT INTO `movimentacoes` (`id`,`data`,`descricao`,`tipoMovimentacao`,`valor`,`categoria_id`,`conta_id`) VALUES (72,'2012-05-04','Telefone fixo','SAIDA',52.23,2,1);
INSERT INTO `movimentacoes` (`id`,`data`,`descricao`,`tipoMovimentacao`,`valor`,`categoria_id`,`conta_id`) VALUES (73,'2012-05-08','Prestação Carro','SAIDA',216.00,7,1);
INSERT INTO `movimentacoes` (`id`,`data`,`descricao`,`tipoMovimentacao`,`valor`,`categoria_id`,`conta_id`) VALUES (74,'2012-05-08','Onibus','SAIDA',59.80,5,1);
INSERT INTO `movimentacoes` (`id`,`data`,`descricao`,`tipoMovimentacao`,`valor`,`categoria_id`,`conta_id`) VALUES (75,'2012-05-08','Plano de saúde','SAIDA',58.70,4,1);
INSERT INTO `movimentacoes` (`id`,`data`,`descricao`,`tipoMovimentacao`,`valor`,`categoria_id`,`conta_id`) VALUES (76,'2012-05-08','Medicamentos','SAIDA',124.89,4,1);
INSERT INTO `movimentacoes` (`id`,`data`,`descricao`,`tipoMovimentacao`,`valor`,`categoria_id`,`conta_id`) VALUES (77,'2012-05-22','Prestação da casa','SAIDA',244.40,2,1);
INSERT INTO `movimentacoes` (`id`,`data`,`descricao`,`tipoMovimentacao`,`valor`,`categoria_id`,`conta_id`) VALUES (78,'2012-05-22','Restaurante','SAIDA',95.90,6,1);
INSERT INTO `movimentacoes` (`id`,`data`,`descricao`,`tipoMovimentacao`,`valor`,`categoria_id`,`conta_id`) VALUES (79,'2012-05-22','Celular','SAIDA',55.60,6,1);
INSERT INTO `movimentacoes` (`id`,`data`,`descricao`,`tipoMovimentacao`,`valor`,`categoria_id`,`conta_id`) VALUES (80,'2012-05-26','Creche','SAIDA',336.30,2,1);
INSERT INTO `movimentacoes` (`id`,`data`,`descricao`,`tipoMovimentacao`,`valor`,`categoria_id`,`conta_id`) VALUES (81,'2012-06-01','Salário mensal','ENTRADA',2136.60,1,1);
INSERT INTO `movimentacoes` (`id`,`data`,`descricao`,`tipoMovimentacao`,`valor`,`categoria_id`,`conta_id`) VALUES (82,'2012-06-03','Supermercado','SAIDA',335.40,2,1);
INSERT INTO `movimentacoes` (`id`,`data`,`descricao`,`tipoMovimentacao`,`valor`,`categoria_id`,`conta_id`) VALUES (83,'2012-06-03','Luz','SAIDA',98.50,2,1);
INSERT INTO `movimentacoes` (`id`,`data`,`descricao`,`tipoMovimentacao`,`valor`,`categoria_id`,`conta_id`) VALUES (84,'2012-06-03',NULL,'SAIDA',8.50,2,1);
INSERT INTO `movimentacoes` (`id`,`data`,`descricao`,`tipoMovimentacao`,`valor`,`categoria_id`,`conta_id`) VALUES (85,'2012-06-03','Aluguel','SAIDA',469.10,2,1);
INSERT INTO `movimentacoes` (`id`,`data`,`descricao`,`tipoMovimentacao`,`valor`,`categoria_id`,`conta_id`) VALUES (86,'2012-06-03','Condomínio','SAIDA',222.60,2,1);
INSERT INTO `movimentacoes` (`id`,`data`,`descricao`,`tipoMovimentacao`,`valor`,`categoria_id`,`conta_id`) VALUES (87,'2012-06-04','TV por assinatura','SAIDA',164.70,2,1);
INSERT INTO `movimentacoes` (`id`,`data`,`descricao`,`tipoMovimentacao`,`valor`,`categoria_id`,`conta_id`) VALUES (88,'2012-06-04','Telefone fixo','SAIDA',52.23,2,1);
INSERT INTO `movimentacoes` (`id`,`data`,`descricao`,`tipoMovimentacao`,`valor`,`categoria_id`,`conta_id`) VALUES (89,'2012-06-08','Prestação Carro','SAIDA',216.00,7,1);
INSERT INTO `movimentacoes` (`id`,`data`,`descricao`,`tipoMovimentacao`,`valor`,`categoria_id`,`conta_id`) VALUES (90,'2012-06-08','Onibus','SAIDA',59.80,5,1);
INSERT INTO `movimentacoes` (`id`,`data`,`descricao`,`tipoMovimentacao`,`valor`,`categoria_id`,`conta_id`) VALUES (91,'2012-06-08','Plano de saúde','SAIDA',46.70,4,1);
INSERT INTO `movimentacoes` (`id`,`data`,`descricao`,`tipoMovimentacao`,`valor`,`categoria_id`,`conta_id`) VALUES (92,'2012-06-08','Medicamentos','SAIDA',124.89,4,1);
INSERT INTO `movimentacoes` (`id`,`data`,`descricao`,`tipoMovimentacao`,`valor`,`categoria_id`,`conta_id`) VALUES (93,'2012-06-22','Prestação da casa','SAIDA',238.40,2,1);
INSERT INTO `movimentacoes` (`id`,`data`,`descricao`,`tipoMovimentacao`,`valor`,`categoria_id`,`conta_id`) VALUES (94,'2012-06-22','Restaurante','SAIDA',95.90,6,1);
INSERT INTO `movimentacoes` (`id`,`data`,`descricao`,`tipoMovimentacao`,`valor`,`categoria_id`,`conta_id`) VALUES (95,'2012-06-22','Celular','SAIDA',55.60,6,1);
INSERT INTO `movimentacoes` (`id`,`data`,`descricao`,`tipoMovimentacao`,`valor`,`categoria_id`,`conta_id`) VALUES (96,'2012-06-26','Creche','SAIDA',346.30,2,1);
INSERT INTO `movimentacoes` (`id`,`data`,`descricao`,`tipoMovimentacao`,`valor`,`categoria_id`,`conta_id`) VALUES (97,'2012-07-01','Salário mensal','ENTRADA',2136.60,1,1);
INSERT INTO `movimentacoes` (`id`,`data`,`descricao`,`tipoMovimentacao`,`valor`,`categoria_id`,`conta_id`) VALUES (98,'2012-07-03','Supermercado','SAIDA',349.40,2,1);
INSERT INTO `movimentacoes` (`id`,`data`,`descricao`,`tipoMovimentacao`,`valor`,`categoria_id`,`conta_id`) VALUES (99,'2012-07-03','Luz','SAIDA',112.50,2,1);
INSERT INTO `movimentacoes` (`id`,`data`,`descricao`,`tipoMovimentacao`,`valor`,`categoria_id`,`conta_id`) VALUES (100,'2012-07-03',NULL,'SAIDA',1.50,2,1);
INSERT INTO `movimentacoes` (`id`,`data`,`descricao`,`tipoMovimentacao`,`valor`,`categoria_id`,`conta_id`) VALUES (101,'2012-07-03','Aluguel','SAIDA',469.10,2,1);
INSERT INTO `movimentacoes` (`id`,`data`,`descricao`,`tipoMovimentacao`,`valor`,`categoria_id`,`conta_id`) VALUES (102,'2012-07-03','Condomínio','SAIDA',222.60,2,1);
INSERT INTO `movimentacoes` (`id`,`data`,`descricao`,`tipoMovimentacao`,`valor`,`categoria_id`,`conta_id`) VALUES (103,'2012-07-04','TV por assinatura','SAIDA',172.70,2,1);
INSERT INTO `movimentacoes` (`id`,`data`,`descricao`,`tipoMovimentacao`,`valor`,`categoria_id`,`conta_id`) VALUES (104,'2012-07-04','Telefone fixo','SAIDA',68.23,2,1);
INSERT INTO `movimentacoes` (`id`,`data`,`descricao`,`tipoMovimentacao`,`valor`,`categoria_id`,`conta_id`) VALUES (105,'2012-07-08','Prestação Carro','SAIDA',230.00,7,1);
INSERT INTO `movimentacoes` (`id`,`data`,`descricao`,`tipoMovimentacao`,`valor`,`categoria_id`,`conta_id`) VALUES (106,'2012-07-08','Onibus','SAIDA',59.80,5,1);
INSERT INTO `movimentacoes` (`id`,`data`,`descricao`,`tipoMovimentacao`,`valor`,`categoria_id`,`conta_id`) VALUES (107,'2012-07-08','Plano de saúde','SAIDA',56.70,4,1);
INSERT INTO `movimentacoes` (`id`,`data`,`descricao`,`tipoMovimentacao`,`valor`,`categoria_id`,`conta_id`) VALUES (108,'2012-07-08','Medicamentos','SAIDA',136.89,4,1);
INSERT INTO `movimentacoes` (`id`,`data`,`descricao`,`tipoMovimentacao`,`valor`,`categoria_id`,`conta_id`) VALUES (109,'2012-07-22','Prestação da casa','SAIDA',244.40,2,1);
INSERT INTO `movimentacoes` (`id`,`data`,`descricao`,`tipoMovimentacao`,`valor`,`categoria_id`,`conta_id`) VALUES (110,'2012-07-22','Restaurante','SAIDA',79.90,6,1);
INSERT INTO `movimentacoes` (`id`,`data`,`descricao`,`tipoMovimentacao`,`valor`,`categoria_id`,`conta_id`) VALUES (111,'2012-07-22','Celular','SAIDA',55.60,6,1);
INSERT INTO `movimentacoes` (`id`,`data`,`descricao`,`tipoMovimentacao`,`valor`,`categoria_id`,`conta_id`) VALUES (112,'2012-07-26','Creche','SAIDA',336.30,2,1);
INSERT INTO `movimentacoes` (`id`,`data`,`descricao`,`tipoMovimentacao`,`valor`,`categoria_id`,`conta_id`) VALUES (113,'2012-08-01','Salário mensal','ENTRADA',2136.60,1,1);
INSERT INTO `movimentacoes` (`id`,`data`,`descricao`,`tipoMovimentacao`,`valor`,`categoria_id`,`conta_id`) VALUES (114,'2012-08-03','Supermercado','SAIDA',335.40,2,1);
INSERT INTO `movimentacoes` (`id`,`data`,`descricao`,`tipoMovimentacao`,`valor`,`categoria_id`,`conta_id`) VALUES (115,'2012-08-03','Luz','SAIDA',98.50,2,1);
INSERT INTO `movimentacoes` (`id`,`data`,`descricao`,`tipoMovimentacao`,`valor`,`categoria_id`,`conta_id`) VALUES (116,'2012-08-03',NULL,'SAIDA',1.50,2,1);
INSERT INTO `movimentacoes` (`id`,`data`,`descricao`,`tipoMovimentacao`,`valor`,`categoria_id`,`conta_id`) VALUES (117,'2012-08-03','Aluguel','SAIDA',469.10,2,1);
INSERT INTO `movimentacoes` (`id`,`data`,`descricao`,`tipoMovimentacao`,`valor`,`categoria_id`,`conta_id`) VALUES (118,'2012-08-03','Condomínio','SAIDA',222.60,2,1);
INSERT INTO `movimentacoes` (`id`,`data`,`descricao`,`tipoMovimentacao`,`valor`,`categoria_id`,`conta_id`) VALUES (119,'2012-08-04','TV por assinatura','SAIDA',152.70,2,1);
INSERT INTO `movimentacoes` (`id`,`data`,`descricao`,`tipoMovimentacao`,`valor`,`categoria_id`,`conta_id`) VALUES (120,'2012-08-04','Telefone fixo','SAIDA',52.23,2,1);
INSERT INTO `movimentacoes` (`id`,`data`,`descricao`,`tipoMovimentacao`,`valor`,`categoria_id`,`conta_id`) VALUES (121,'2012-08-08','Prestação Carro','SAIDA',228.00,7,1);
INSERT INTO `movimentacoes` (`id`,`data`,`descricao`,`tipoMovimentacao`,`valor`,`categoria_id`,`conta_id`) VALUES (122,'2012-08-08','Onibus','SAIDA',73.80,5,1);
INSERT INTO `movimentacoes` (`id`,`data`,`descricao`,`tipoMovimentacao`,`valor`,`categoria_id`,`conta_id`) VALUES (123,'2012-08-08','Plano de saúde','SAIDA',46.70,4,1);
INSERT INTO `movimentacoes` (`id`,`data`,`descricao`,`tipoMovimentacao`,`valor`,`categoria_id`,`conta_id`) VALUES (124,'2012-08-08','Medicamentos','SAIDA',124.89,4,1);
INSERT INTO `movimentacoes` (`id`,`data`,`descricao`,`tipoMovimentacao`,`valor`,`categoria_id`,`conta_id`) VALUES (125,'2012-08-22','Prestação da casa','SAIDA',226.40,2,1);
INSERT INTO `movimentacoes` (`id`,`data`,`descricao`,`tipoMovimentacao`,`valor`,`categoria_id`,`conta_id`) VALUES (126,'2012-08-22','Restaurante','SAIDA',79.90,6,1);
INSERT INTO `movimentacoes` (`id`,`data`,`descricao`,`tipoMovimentacao`,`valor`,`categoria_id`,`conta_id`) VALUES (127,'2012-08-22','Celular','SAIDA',55.60,6,1);
INSERT INTO `movimentacoes` (`id`,`data`,`descricao`,`tipoMovimentacao`,`valor`,`categoria_id`,`conta_id`) VALUES (128,'2012-08-26','Creche','SAIDA',348.30,2,1);
INSERT INTO `movimentacoes` (`id`,`data`,`descricao`,`tipoMovimentacao`,`valor`,`categoria_id`,`conta_id`) VALUES (129,'2012-09-01','Salário mensal','ENTRADA',2136.60,1,1);
INSERT INTO `movimentacoes` (`id`,`data`,`descricao`,`tipoMovimentacao`,`valor`,`categoria_id`,`conta_id`) VALUES (130,'2012-09-03','Supermercado','SAIDA',351.40,2,1);
INSERT INTO `movimentacoes` (`id`,`data`,`descricao`,`tipoMovimentacao`,`valor`,`categoria_id`,`conta_id`) VALUES (131,'2012-09-03','Luz','SAIDA',98.50,2,1);
INSERT INTO `movimentacoes` (`id`,`data`,`descricao`,`tipoMovimentacao`,`valor`,`categoria_id`,`conta_id`) VALUES (132,'2012-09-03',NULL,'SAIDA',16.50,2,1);
INSERT INTO `movimentacoes` (`id`,`data`,`descricao`,`tipoMovimentacao`,`valor`,`categoria_id`,`conta_id`) VALUES (133,'2012-09-03','Aluguel','SAIDA',469.10,2,1);
INSERT INTO `movimentacoes` (`id`,`data`,`descricao`,`tipoMovimentacao`,`valor`,`categoria_id`,`conta_id`) VALUES (134,'2012-09-03','Condomínio','SAIDA',222.60,2,1);
INSERT INTO `movimentacoes` (`id`,`data`,`descricao`,`tipoMovimentacao`,`valor`,`categoria_id`,`conta_id`) VALUES (135,'2012-09-04','TV por assinatura','SAIDA',164.70,2,1);
INSERT INTO `movimentacoes` (`id`,`data`,`descricao`,`tipoMovimentacao`,`valor`,`categoria_id`,`conta_id`) VALUES (136,'2012-09-04','Telefone fixo','SAIDA',52.23,2,1);
INSERT INTO `movimentacoes` (`id`,`data`,`descricao`,`tipoMovimentacao`,`valor`,`categoria_id`,`conta_id`) VALUES (137,'2012-09-08','Prestação Carro','SAIDA',216.00,7,1);
INSERT INTO `movimentacoes` (`id`,`data`,`descricao`,`tipoMovimentacao`,`valor`,`categoria_id`,`conta_id`) VALUES (138,'2012-09-08','Onibus','SAIDA',59.80,5,1);
INSERT INTO `movimentacoes` (`id`,`data`,`descricao`,`tipoMovimentacao`,`valor`,`categoria_id`,`conta_id`) VALUES (139,'2012-09-08','Plano de saúde','SAIDA',46.70,4,1);
INSERT INTO `movimentacoes` (`id`,`data`,`descricao`,`tipoMovimentacao`,`valor`,`categoria_id`,`conta_id`) VALUES (140,'2012-09-08','Medicamentos','SAIDA',142.89,4,1);
INSERT INTO `movimentacoes` (`id`,`data`,`descricao`,`tipoMovimentacao`,`valor`,`categoria_id`,`conta_id`) VALUES (141,'2012-09-22','Prestação da casa','SAIDA',240.40,2,1);
INSERT INTO `movimentacoes` (`id`,`data`,`descricao`,`tipoMovimentacao`,`valor`,`categoria_id`,`conta_id`) VALUES (142,'2012-09-22','Restaurante','SAIDA',97.90,6,1);
INSERT INTO `movimentacoes` (`id`,`data`,`descricao`,`tipoMovimentacao`,`valor`,`categoria_id`,`conta_id`) VALUES (143,'2012-09-22','Celular','SAIDA',69.60,6,1);
INSERT INTO `movimentacoes` (`id`,`data`,`descricao`,`tipoMovimentacao`,`valor`,`categoria_id`,`conta_id`) VALUES (144,'2012-09-26','Creche','SAIDA',346.30,2,1);
INSERT INTO `movimentacoes` (`id`,`data`,`descricao`,`tipoMovimentacao`,`valor`,`categoria_id`,`conta_id`) VALUES (145,'2012-10-01','Salário mensal','ENTRADA',2136.60,1,1);
INSERT INTO `movimentacoes` (`id`,`data`,`descricao`,`tipoMovimentacao`,`valor`,`categoria_id`,`conta_id`) VALUES (146,'2012-10-03','Supermercado','SAIDA',353.40,2,1);
INSERT INTO `movimentacoes` (`id`,`data`,`descricao`,`tipoMovimentacao`,`valor`,`categoria_id`,`conta_id`) VALUES (147,'2012-10-03','Luz','SAIDA',98.50,2,1);
INSERT INTO `movimentacoes` (`id`,`data`,`descricao`,`tipoMovimentacao`,`valor`,`categoria_id`,`conta_id`) VALUES (148,'2012-10-03',NULL,'SAIDA',14.50,2,1);
INSERT INTO `movimentacoes` (`id`,`data`,`descricao`,`tipoMovimentacao`,`valor`,`categoria_id`,`conta_id`) VALUES (149,'2012-10-03','Aluguel','SAIDA',469.10,2,1);
INSERT INTO `movimentacoes` (`id`,`data`,`descricao`,`tipoMovimentacao`,`valor`,`categoria_id`,`conta_id`) VALUES (150,'2012-10-03','Condomínio','SAIDA',238.60,2,1);
INSERT INTO `movimentacoes` (`id`,`data`,`descricao`,`tipoMovimentacao`,`valor`,`categoria_id`,`conta_id`) VALUES (151,'2012-10-04','TV por assinatura','SAIDA',152.70,2,1);
INSERT INTO `movimentacoes` (`id`,`data`,`descricao`,`tipoMovimentacao`,`valor`,`categoria_id`,`conta_id`) VALUES (152,'2012-10-04','Telefone fixo','SAIDA',52.23,2,1);
INSERT INTO `movimentacoes` (`id`,`data`,`descricao`,`tipoMovimentacao`,`valor`,`categoria_id`,`conta_id`) VALUES (153,'2012-10-08','Prestação Carro','SAIDA',236.00,7,1);
INSERT INTO `movimentacoes` (`id`,`data`,`descricao`,`tipoMovimentacao`,`valor`,`categoria_id`,`conta_id`) VALUES (154,'2012-10-08','Onibus','SAIDA',59.80,5,1);
INSERT INTO `movimentacoes` (`id`,`data`,`descricao`,`tipoMovimentacao`,`valor`,`categoria_id`,`conta_id`) VALUES (155,'2012-10-08','Plano de saúde','SAIDA',46.70,4,1);
INSERT INTO `movimentacoes` (`id`,`data`,`descricao`,`tipoMovimentacao`,`valor`,`categoria_id`,`conta_id`) VALUES (156,'2012-10-08','Medicamentos','SAIDA',124.89,4,1);
INSERT INTO `movimentacoes` (`id`,`data`,`descricao`,`tipoMovimentacao`,`valor`,`categoria_id`,`conta_id`) VALUES (157,'2012-10-22','Prestação da casa','SAIDA',246.40,2,1);
INSERT INTO `movimentacoes` (`id`,`data`,`descricao`,`tipoMovimentacao`,`valor`,`categoria_id`,`conta_id`) VALUES (158,'2012-10-22','Restaurante','SAIDA',89.90,6,1);
INSERT INTO `movimentacoes` (`id`,`data`,`descricao`,`tipoMovimentacao`,`valor`,`categoria_id`,`conta_id`) VALUES (159,'2012-10-22','Celular','SAIDA',73.60,6,1);
INSERT INTO `movimentacoes` (`id`,`data`,`descricao`,`tipoMovimentacao`,`valor`,`categoria_id`,`conta_id`) VALUES (160,'2012-10-26','Creche','SAIDA',348.30,2,1);
INSERT INTO `movimentacoes` (`id`,`data`,`descricao`,`tipoMovimentacao`,`valor`,`categoria_id`,`conta_id`) VALUES (161,'2012-11-01','Salário mensal','ENTRADA',2136.60,1,1);
INSERT INTO `movimentacoes` (`id`,`data`,`descricao`,`tipoMovimentacao`,`valor`,`categoria_id`,`conta_id`) VALUES (162,'2012-11-03','Supermercado','SAIDA',345.40,2,1);
INSERT INTO `movimentacoes` (`id`,`data`,`descricao`,`tipoMovimentacao`,`valor`,`categoria_id`,`conta_id`) VALUES (163,'2012-11-03','Luz','SAIDA',98.50,2,1);
INSERT INTO `movimentacoes` (`id`,`data`,`descricao`,`tipoMovimentacao`,`valor`,`categoria_id`,`conta_id`) VALUES (164,'2012-11-03',NULL,'SAIDA',8.50,2,1);
INSERT INTO `movimentacoes` (`id`,`data`,`descricao`,`tipoMovimentacao`,`valor`,`categoria_id`,`conta_id`) VALUES (165,'2012-11-03','Aluguel','SAIDA',469.10,2,1);
INSERT INTO `movimentacoes` (`id`,`data`,`descricao`,`tipoMovimentacao`,`valor`,`categoria_id`,`conta_id`) VALUES (166,'2012-11-03','Condomínio','SAIDA',222.60,2,1);
INSERT INTO `movimentacoes` (`id`,`data`,`descricao`,`tipoMovimentacao`,`valor`,`categoria_id`,`conta_id`) VALUES (167,'2012-11-04','TV por assinatura','SAIDA',152.70,2,1);
INSERT INTO `movimentacoes` (`id`,`data`,`descricao`,`tipoMovimentacao`,`valor`,`categoria_id`,`conta_id`) VALUES (168,'2012-11-04','Telefone fixo','SAIDA',52.23,2,1);
INSERT INTO `movimentacoes` (`id`,`data`,`descricao`,`tipoMovimentacao`,`valor`,`categoria_id`,`conta_id`) VALUES (169,'2012-11-08','Prestação Carro','SAIDA',216.00,7,1);
INSERT INTO `movimentacoes` (`id`,`data`,`descricao`,`tipoMovimentacao`,`valor`,`categoria_id`,`conta_id`) VALUES (170,'2012-11-08','Onibus','SAIDA',59.80,5,1);
INSERT INTO `movimentacoes` (`id`,`data`,`descricao`,`tipoMovimentacao`,`valor`,`categoria_id`,`conta_id`) VALUES (171,'2012-11-08','Plano de saúde','SAIDA',56.70,4,1);
INSERT INTO `movimentacoes` (`id`,`data`,`descricao`,`tipoMovimentacao`,`valor`,`categoria_id`,`conta_id`) VALUES (172,'2012-11-08','Medicamentos','SAIDA',138.89,4,1);
INSERT INTO `movimentacoes` (`id`,`data`,`descricao`,`tipoMovimentacao`,`valor`,`categoria_id`,`conta_id`) VALUES (173,'2012-11-22','Prestação da casa','SAIDA',242.40,2,1);
INSERT INTO `movimentacoes` (`id`,`data`,`descricao`,`tipoMovimentacao`,`valor`,`categoria_id`,`conta_id`) VALUES (174,'2012-11-22','Restaurante','SAIDA',97.90,6,1);
INSERT INTO `movimentacoes` (`id`,`data`,`descricao`,`tipoMovimentacao`,`valor`,`categoria_id`,`conta_id`) VALUES (175,'2012-11-22','Celular','SAIDA',55.60,6,1);
INSERT INTO `movimentacoes` (`id`,`data`,`descricao`,`tipoMovimentacao`,`valor`,`categoria_id`,`conta_id`) VALUES (176,'2012-11-26','Creche','SAIDA',336.30,2,1);
INSERT INTO `movimentacoes` (`id`,`data`,`descricao`,`tipoMovimentacao`,`valor`,`categoria_id`,`conta_id`) VALUES (177,'2012-12-01','Salário mensal','ENTRADA',2136.60,1,1);
INSERT INTO `movimentacoes` (`id`,`data`,`descricao`,`tipoMovimentacao`,`valor`,`categoria_id`,`conta_id`) VALUES (178,'2012-12-03','Supermercado','SAIDA',335.40,2,1);
INSERT INTO `movimentacoes` (`id`,`data`,`descricao`,`tipoMovimentacao`,`valor`,`categoria_id`,`conta_id`) VALUES (179,'2012-12-03','Luz','SAIDA',112.50,2,1);
INSERT INTO `movimentacoes` (`id`,`data`,`descricao`,`tipoMovimentacao`,`valor`,`categoria_id`,`conta_id`) VALUES (180,'2012-12-03',NULL,'SAIDA',1.50,2,1);
INSERT INTO `movimentacoes` (`id`,`data`,`descricao`,`tipoMovimentacao`,`valor`,`categoria_id`,`conta_id`) VALUES (181,'2012-12-03','Aluguel','SAIDA',469.10,2,1);
INSERT INTO `movimentacoes` (`id`,`data`,`descricao`,`tipoMovimentacao`,`valor`,`categoria_id`,`conta_id`) VALUES (182,'2012-12-03','Condomínio','SAIDA',222.60,2,1);
INSERT INTO `movimentacoes` (`id`,`data`,`descricao`,`tipoMovimentacao`,`valor`,`categoria_id`,`conta_id`) VALUES (183,'2012-12-04','TV por assinatura','SAIDA',152.70,2,1);
INSERT INTO `movimentacoes` (`id`,`data`,`descricao`,`tipoMovimentacao`,`valor`,`categoria_id`,`conta_id`) VALUES (184,'2012-12-04','Telefone fixo','SAIDA',68.23,2,1);
INSERT INTO `movimentacoes` (`id`,`data`,`descricao`,`tipoMovimentacao`,`valor`,`categoria_id`,`conta_id`) VALUES (185,'2012-12-08','Prestação Carro','SAIDA',216.00,7,1);
INSERT INTO `movimentacoes` (`id`,`data`,`descricao`,`tipoMovimentacao`,`valor`,`categoria_id`,`conta_id`) VALUES (186,'2012-12-08','Onibus','SAIDA',77.80,5,1);
INSERT INTO `movimentacoes` (`id`,`data`,`descricao`,`tipoMovimentacao`,`valor`,`categoria_id`,`conta_id`) VALUES (187,'2012-12-08','Plano de saúde','SAIDA',46.70,4,1);
INSERT INTO `movimentacoes` (`id`,`data`,`descricao`,`tipoMovimentacao`,`valor`,`categoria_id`,`conta_id`) VALUES (188,'2012-12-08','Medicamentos','SAIDA',124.89,4,1);
INSERT INTO `movimentacoes` (`id`,`data`,`descricao`,`tipoMovimentacao`,`valor`,`categoria_id`,`conta_id`) VALUES (189,'2012-12-22','Prestação da casa','SAIDA',246.40,2,1);
INSERT INTO `movimentacoes` (`id`,`data`,`descricao`,`tipoMovimentacao`,`valor`,`categoria_id`,`conta_id`) VALUES (190,'2012-12-22','Restaurante','SAIDA',93.90,6,1);
INSERT INTO `movimentacoes` (`id`,`data`,`descricao`,`tipoMovimentacao`,`valor`,`categoria_id`,`conta_id`) VALUES (191,'2012-12-22','Celular','SAIDA',55.60,6,1);
INSERT INTO `movimentacoes` (`id`,`data`,`descricao`,`tipoMovimentacao`,`valor`,`categoria_id`,`conta_id`) VALUES (192,'2012-12-26','Creche','SAIDA',348.30,2,1);
INSERT INTO `movimentacoes` (`id`,`data`,`descricao`,`tipoMovimentacao`,`valor`,`categoria_id`,`conta_id`) VALUES (193,'2012-01-01','Salário mensal','ENTRADA',2036.60,1,2);
INSERT INTO `movimentacoes` (`id`,`data`,`descricao`,`tipoMovimentacao`,`valor`,`categoria_id`,`conta_id`) VALUES (194,'2012-01-03','Supermercado','SAIDA',347.40,2,2);
INSERT INTO `movimentacoes` (`id`,`data`,`descricao`,`tipoMovimentacao`,`valor`,`categoria_id`,`conta_id`) VALUES (195,'2012-01-03','Luz','SAIDA',98.50,2,2);
INSERT INTO `movimentacoes` (`id`,`data`,`descricao`,`tipoMovimentacao`,`valor`,`categoria_id`,`conta_id`) VALUES (196,'2012-01-03',NULL,'SAIDA',1.50,2,2);
INSERT INTO `movimentacoes` (`id`,`data`,`descricao`,`tipoMovimentacao`,`valor`,`categoria_id`,`conta_id`) VALUES (197,'2012-01-03','Prestação Casa','SAIDA',265.32,2,2);
INSERT INTO `movimentacoes` (`id`,`data`,`descricao`,`tipoMovimentacao`,`valor`,`categoria_id`,`conta_id`) VALUES (198,'2012-01-03','Condomínio','SAIDA',222.60,2,2);
INSERT INTO `movimentacoes` (`id`,`data`,`descricao`,`tipoMovimentacao`,`valor`,`categoria_id`,`conta_id`) VALUES (199,'2012-01-04','TV por assinatura','SAIDA',152.70,2,2);
INSERT INTO `movimentacoes` (`id`,`data`,`descricao`,`tipoMovimentacao`,`valor`,`categoria_id`,`conta_id`) VALUES (200,'2012-01-04','Telefone fixo','SAIDA',64.23,2,2);
INSERT INTO `movimentacoes` (`id`,`data`,`descricao`,`tipoMovimentacao`,`valor`,`categoria_id`,`conta_id`) VALUES (201,'2012-01-08','Prestação Carro','SAIDA',234.00,7,2);
INSERT INTO `movimentacoes` (`id`,`data`,`descricao`,`tipoMovimentacao`,`valor`,`categoria_id`,`conta_id`) VALUES (202,'2012-01-08','Metro','SAIDA',59.80,5,2);
INSERT INTO `movimentacoes` (`id`,`data`,`descricao`,`tipoMovimentacao`,`valor`,`categoria_id`,`conta_id`) VALUES (203,'2012-01-08','Plano de saúde','SAIDA',46.70,4,2);
INSERT INTO `movimentacoes` (`id`,`data`,`descricao`,`tipoMovimentacao`,`valor`,`categoria_id`,`conta_id`) VALUES (204,'2012-01-08','Medicamentos','SAIDA',136.89,4,2);
INSERT INTO `movimentacoes` (`id`,`data`,`descricao`,`tipoMovimentacao`,`valor`,`categoria_id`,`conta_id`) VALUES (205,'2012-01-22','Prestação da casa','SAIDA',226.40,2,2);
INSERT INTO `movimentacoes` (`id`,`data`,`descricao`,`tipoMovimentacao`,`valor`,`categoria_id`,`conta_id`) VALUES (206,'2012-01-22','Restaurante','SAIDA',79.90,6,2);
INSERT INTO `movimentacoes` (`id`,`data`,`descricao`,`tipoMovimentacao`,`valor`,`categoria_id`,`conta_id`) VALUES (207,'2012-01-26','Escola','SAIDA',472.80,2,2);
INSERT INTO `movimentacoes` (`id`,`data`,`descricao`,`tipoMovimentacao`,`valor`,`categoria_id`,`conta_id`) VALUES (208,'2012-02-01','Salário mensal','ENTRADA',2144.60,1,2);
INSERT INTO `movimentacoes` (`id`,`data`,`descricao`,`tipoMovimentacao`,`valor`,`categoria_id`,`conta_id`) VALUES (209,'2012-02-03','Supermercado','SAIDA',349.40,2,2);
INSERT INTO `movimentacoes` (`id`,`data`,`descricao`,`tipoMovimentacao`,`valor`,`categoria_id`,`conta_id`) VALUES (210,'2012-02-03','Luz','SAIDA',118.50,2,2);
INSERT INTO `movimentacoes` (`id`,`data`,`descricao`,`tipoMovimentacao`,`valor`,`categoria_id`,`conta_id`) VALUES (211,'2012-02-03',NULL,'SAIDA',14.50,2,2);
INSERT INTO `movimentacoes` (`id`,`data`,`descricao`,`tipoMovimentacao`,`valor`,`categoria_id`,`conta_id`) VALUES (212,'2012-02-03','Prestação Casa','SAIDA',445.32,2,2);
INSERT INTO `movimentacoes` (`id`,`data`,`descricao`,`tipoMovimentacao`,`valor`,`categoria_id`,`conta_id`) VALUES (213,'2012-02-03','Condomínio','SAIDA',222.60,2,2);
INSERT INTO `movimentacoes` (`id`,`data`,`descricao`,`tipoMovimentacao`,`valor`,`categoria_id`,`conta_id`) VALUES (214,'2012-02-04','TV por assinatura','SAIDA',166.70,2,2);
INSERT INTO `movimentacoes` (`id`,`data`,`descricao`,`tipoMovimentacao`,`valor`,`categoria_id`,`conta_id`) VALUES (215,'2012-02-04','Telefone fixo','SAIDA',52.23,2,2);
INSERT INTO `movimentacoes` (`id`,`data`,`descricao`,`tipoMovimentacao`,`valor`,`categoria_id`,`conta_id`) VALUES (216,'2012-02-08','Prestação Carro','SAIDA',216.00,7,2);
INSERT INTO `movimentacoes` (`id`,`data`,`descricao`,`tipoMovimentacao`,`valor`,`categoria_id`,`conta_id`) VALUES (217,'2012-02-08','Metro','SAIDA',59.80,5,2);
INSERT INTO `movimentacoes` (`id`,`data`,`descricao`,`tipoMovimentacao`,`valor`,`categoria_id`,`conta_id`) VALUES (218,'2012-02-08','Plano de saúde','SAIDA',46.70,4,2);
INSERT INTO `movimentacoes` (`id`,`data`,`descricao`,`tipoMovimentacao`,`valor`,`categoria_id`,`conta_id`) VALUES (219,'2012-02-08','Medicamentos','SAIDA',138.89,4,2);
INSERT INTO `movimentacoes` (`id`,`data`,`descricao`,`tipoMovimentacao`,`valor`,`categoria_id`,`conta_id`) VALUES (220,'2012-02-22','Prestação da casa','SAIDA',238.40,2,2);
INSERT INTO `movimentacoes` (`id`,`data`,`descricao`,`tipoMovimentacao`,`valor`,`categoria_id`,`conta_id`) VALUES (221,'2012-02-22','Restaurante','SAIDA',93.90,6,2);
INSERT INTO `movimentacoes` (`id`,`data`,`descricao`,`tipoMovimentacao`,`valor`,`categoria_id`,`conta_id`) VALUES (222,'2012-02-26','Escola','SAIDA',456.80,2,2);
INSERT INTO `movimentacoes` (`id`,`data`,`descricao`,`tipoMovimentacao`,`valor`,`categoria_id`,`conta_id`) VALUES (223,'2012-03-01','Salário mensal','ENTRADA',2194.60,1,2);
INSERT INTO `movimentacoes` (`id`,`data`,`descricao`,`tipoMovimentacao`,`valor`,`categoria_id`,`conta_id`) VALUES (224,'2012-03-03','Supermercado','SAIDA',347.40,2,2);
INSERT INTO `movimentacoes` (`id`,`data`,`descricao`,`tipoMovimentacao`,`valor`,`categoria_id`,`conta_id`) VALUES (225,'2012-03-03','Luz','SAIDA',98.50,2,2);
INSERT INTO `movimentacoes` (`id`,`data`,`descricao`,`tipoMovimentacao`,`valor`,`categoria_id`,`conta_id`) VALUES (226,'2012-03-03',NULL,'SAIDA',16.50,2,2);
INSERT INTO `movimentacoes` (`id`,`data`,`descricao`,`tipoMovimentacao`,`valor`,`categoria_id`,`conta_id`) VALUES (227,'2012-03-03','Prestação Casa','SAIDA',453.32,2,2);
INSERT INTO `movimentacoes` (`id`,`data`,`descricao`,`tipoMovimentacao`,`valor`,`categoria_id`,`conta_id`) VALUES (228,'2012-03-03','Condomínio','SAIDA',222.60,2,2);
INSERT INTO `movimentacoes` (`id`,`data`,`descricao`,`tipoMovimentacao`,`valor`,`categoria_id`,`conta_id`) VALUES (229,'2012-03-04','TV por assinatura','SAIDA',172.70,2,2);
INSERT INTO `movimentacoes` (`id`,`data`,`descricao`,`tipoMovimentacao`,`valor`,`categoria_id`,`conta_id`) VALUES (230,'2012-03-04','Telefone fixo','SAIDA',70.23,2,2);
INSERT INTO `movimentacoes` (`id`,`data`,`descricao`,`tipoMovimentacao`,`valor`,`categoria_id`,`conta_id`) VALUES (231,'2012-03-08','Prestação Carro','SAIDA',216.00,7,2);
INSERT INTO `movimentacoes` (`id`,`data`,`descricao`,`tipoMovimentacao`,`valor`,`categoria_id`,`conta_id`) VALUES (232,'2012-03-08','Metro','SAIDA',73.80,5,2);
INSERT INTO `movimentacoes` (`id`,`data`,`descricao`,`tipoMovimentacao`,`valor`,`categoria_id`,`conta_id`) VALUES (233,'2012-03-08','Plano de saúde','SAIDA',64.70,4,2);
INSERT INTO `movimentacoes` (`id`,`data`,`descricao`,`tipoMovimentacao`,`valor`,`categoria_id`,`conta_id`) VALUES (234,'2012-03-08','Medicamentos','SAIDA',124.89,4,2);
INSERT INTO `movimentacoes` (`id`,`data`,`descricao`,`tipoMovimentacao`,`valor`,`categoria_id`,`conta_id`) VALUES (235,'2012-03-22','Prestação da casa','SAIDA',226.40,2,2);
INSERT INTO `movimentacoes` (`id`,`data`,`descricao`,`tipoMovimentacao`,`valor`,`categoria_id`,`conta_id`) VALUES (236,'2012-03-22','Restaurante','SAIDA',91.90,6,2);
INSERT INTO `movimentacoes` (`id`,`data`,`descricao`,`tipoMovimentacao`,`valor`,`categoria_id`,`conta_id`) VALUES (237,'2012-03-26','Escola','SAIDA',474.80,2,2);
INSERT INTO `movimentacoes` (`id`,`data`,`descricao`,`tipoMovimentacao`,`valor`,`categoria_id`,`conta_id`) VALUES (238,'2012-04-01','Salário mensal','ENTRADA',2036.60,1,2);
INSERT INTO `movimentacoes` (`id`,`data`,`descricao`,`tipoMovimentacao`,`valor`,`categoria_id`,`conta_id`) VALUES (239,'2012-04-03','Supermercado','SAIDA',349.40,2,2);
INSERT INTO `movimentacoes` (`id`,`data`,`descricao`,`tipoMovimentacao`,`valor`,`categoria_id`,`conta_id`) VALUES (240,'2012-04-03','Luz','SAIDA',118.50,2,2);
INSERT INTO `movimentacoes` (`id`,`data`,`descricao`,`tipoMovimentacao`,`valor`,`categoria_id`,`conta_id`) VALUES (241,'2012-04-03',NULL,'SAIDA',1.50,2,2);
INSERT INTO `movimentacoes` (`id`,`data`,`descricao`,`tipoMovimentacao`,`valor`,`categoria_id`,`conta_id`) VALUES (242,'2012-04-03','Prestação Casa','SAIDA',417.32,2,2);
INSERT INTO `movimentacoes` (`id`,`data`,`descricao`,`tipoMovimentacao`,`valor`,`categoria_id`,`conta_id`) VALUES (243,'2012-04-03','Condomínio','SAIDA',232.60,2,2);
INSERT INTO `movimentacoes` (`id`,`data`,`descricao`,`tipoMovimentacao`,`valor`,`categoria_id`,`conta_id`) VALUES (244,'2012-04-04','TV por assinatura','SAIDA',170.70,2,2);
INSERT INTO `movimentacoes` (`id`,`data`,`descricao`,`tipoMovimentacao`,`valor`,`categoria_id`,`conta_id`) VALUES (245,'2012-04-04','Telefone fixo','SAIDA',72.23,2,2);
INSERT INTO `movimentacoes` (`id`,`data`,`descricao`,`tipoMovimentacao`,`valor`,`categoria_id`,`conta_id`) VALUES (246,'2012-04-08','Prestação Carro','SAIDA',216.00,7,2);
INSERT INTO `movimentacoes` (`id`,`data`,`descricao`,`tipoMovimentacao`,`valor`,`categoria_id`,`conta_id`) VALUES (247,'2012-04-08','Metro','SAIDA',59.80,5,2);
INSERT INTO `movimentacoes` (`id`,`data`,`descricao`,`tipoMovimentacao`,`valor`,`categoria_id`,`conta_id`) VALUES (248,'2012-04-08','Plano de saúde','SAIDA',66.70,4,2);
INSERT INTO `movimentacoes` (`id`,`data`,`descricao`,`tipoMovimentacao`,`valor`,`categoria_id`,`conta_id`) VALUES (249,'2012-04-08','Medicamentos','SAIDA',142.89,4,2);
INSERT INTO `movimentacoes` (`id`,`data`,`descricao`,`tipoMovimentacao`,`valor`,`categoria_id`,`conta_id`) VALUES (250,'2012-04-22','Prestação da casa','SAIDA',238.40,2,2);
INSERT INTO `movimentacoes` (`id`,`data`,`descricao`,`tipoMovimentacao`,`valor`,`categoria_id`,`conta_id`) VALUES (251,'2012-04-22','Restaurante','SAIDA',97.90,6,2);
INSERT INTO `movimentacoes` (`id`,`data`,`descricao`,`tipoMovimentacao`,`valor`,`categoria_id`,`conta_id`) VALUES (252,'2012-04-26','Escola','SAIDA',456.80,2,2);
INSERT INTO `movimentacoes` (`id`,`data`,`descricao`,`tipoMovimentacao`,`valor`,`categoria_id`,`conta_id`) VALUES (253,'2012-05-01','Salário mensal','ENTRADA',2036.60,1,2);
INSERT INTO `movimentacoes` (`id`,`data`,`descricao`,`tipoMovimentacao`,`valor`,`categoria_id`,`conta_id`) VALUES (254,'2012-05-03','Supermercado','SAIDA',345.40,2,2);
INSERT INTO `movimentacoes` (`id`,`data`,`descricao`,`tipoMovimentacao`,`valor`,`categoria_id`,`conta_id`) VALUES (255,'2012-05-03','Luz','SAIDA',98.50,2,2);
INSERT INTO `movimentacoes` (`id`,`data`,`descricao`,`tipoMovimentacao`,`valor`,`categoria_id`,`conta_id`) VALUES (256,'2012-05-03',NULL,'SAIDA',8.50,2,2);
INSERT INTO `movimentacoes` (`id`,`data`,`descricao`,`tipoMovimentacao`,`valor`,`categoria_id`,`conta_id`) VALUES (257,'2012-05-03','Prestação Casa','SAIDA',391.32,2,2);
INSERT INTO `movimentacoes` (`id`,`data`,`descricao`,`tipoMovimentacao`,`valor`,`categoria_id`,`conta_id`) VALUES (258,'2012-05-03','Condomínio','SAIDA',222.60,2,2);
INSERT INTO `movimentacoes` (`id`,`data`,`descricao`,`tipoMovimentacao`,`valor`,`categoria_id`,`conta_id`) VALUES (259,'2012-05-04','TV por assinatura','SAIDA',172.70,2,2);
INSERT INTO `movimentacoes` (`id`,`data`,`descricao`,`tipoMovimentacao`,`valor`,`categoria_id`,`conta_id`) VALUES (260,'2012-05-04','Telefone fixo','SAIDA',52.23,2,2);
INSERT INTO `movimentacoes` (`id`,`data`,`descricao`,`tipoMovimentacao`,`valor`,`categoria_id`,`conta_id`) VALUES (261,'2012-05-08','Prestação Carro','SAIDA',216.00,7,2);
INSERT INTO `movimentacoes` (`id`,`data`,`descricao`,`tipoMovimentacao`,`valor`,`categoria_id`,`conta_id`) VALUES (262,'2012-05-08','Metro','SAIDA',59.80,5,2);
INSERT INTO `movimentacoes` (`id`,`data`,`descricao`,`tipoMovimentacao`,`valor`,`categoria_id`,`conta_id`) VALUES (263,'2012-05-08','Plano de saúde','SAIDA',46.70,4,2);
INSERT INTO `movimentacoes` (`id`,`data`,`descricao`,`tipoMovimentacao`,`valor`,`categoria_id`,`conta_id`) VALUES (264,'2012-05-08','Medicamentos','SAIDA',136.89,4,2);
INSERT INTO `movimentacoes` (`id`,`data`,`descricao`,`tipoMovimentacao`,`valor`,`categoria_id`,`conta_id`) VALUES (265,'2012-05-22','Prestação da casa','SAIDA',242.40,2,2);
INSERT INTO `movimentacoes` (`id`,`data`,`descricao`,`tipoMovimentacao`,`valor`,`categoria_id`,`conta_id`) VALUES (266,'2012-05-22','Restaurante','SAIDA',79.90,6,2);
INSERT INTO `movimentacoes` (`id`,`data`,`descricao`,`tipoMovimentacao`,`valor`,`categoria_id`,`conta_id`) VALUES (267,'2012-05-26','Escola','SAIDA',468.80,2,2);
INSERT INTO `movimentacoes` (`id`,`data`,`descricao`,`tipoMovimentacao`,`valor`,`categoria_id`,`conta_id`) VALUES (268,'2012-06-01','Salário mensal','ENTRADA',2212.60,1,2);
INSERT INTO `movimentacoes` (`id`,`data`,`descricao`,`tipoMovimentacao`,`valor`,`categoria_id`,`conta_id`) VALUES (269,'2012-06-03','Supermercado','SAIDA',335.40,2,2);
INSERT INTO `movimentacoes` (`id`,`data`,`descricao`,`tipoMovimentacao`,`valor`,`categoria_id`,`conta_id`) VALUES (270,'2012-06-03','Luz','SAIDA',116.50,2,2);
INSERT INTO `movimentacoes` (`id`,`data`,`descricao`,`tipoMovimentacao`,`valor`,`categoria_id`,`conta_id`) VALUES (271,'2012-06-03',NULL,'SAIDA',1.50,2,2);
INSERT INTO `movimentacoes` (`id`,`data`,`descricao`,`tipoMovimentacao`,`valor`,`categoria_id`,`conta_id`) VALUES (272,'2012-06-03','Prestação Casa','SAIDA',265.32,2,2);
INSERT INTO `movimentacoes` (`id`,`data`,`descricao`,`tipoMovimentacao`,`valor`,`categoria_id`,`conta_id`) VALUES (273,'2012-06-03','Condomínio','SAIDA',234.60,2,2);
INSERT INTO `movimentacoes` (`id`,`data`,`descricao`,`tipoMovimentacao`,`valor`,`categoria_id`,`conta_id`) VALUES (274,'2012-06-04','TV por assinatura','SAIDA',168.70,2,2);
INSERT INTO `movimentacoes` (`id`,`data`,`descricao`,`tipoMovimentacao`,`valor`,`categoria_id`,`conta_id`) VALUES (275,'2012-06-04','Telefone fixo','SAIDA',52.23,2,2);
INSERT INTO `movimentacoes` (`id`,`data`,`descricao`,`tipoMovimentacao`,`valor`,`categoria_id`,`conta_id`) VALUES (276,'2012-06-08','Prestação Carro','SAIDA',230.00,7,2);
INSERT INTO `movimentacoes` (`id`,`data`,`descricao`,`tipoMovimentacao`,`valor`,`categoria_id`,`conta_id`) VALUES (277,'2012-06-08','Metro','SAIDA',59.80,5,2);
INSERT INTO `movimentacoes` (`id`,`data`,`descricao`,`tipoMovimentacao`,`valor`,`categoria_id`,`conta_id`) VALUES (278,'2012-06-08','Plano de saúde','SAIDA',46.70,4,2);
INSERT INTO `movimentacoes` (`id`,`data`,`descricao`,`tipoMovimentacao`,`valor`,`categoria_id`,`conta_id`) VALUES (279,'2012-06-08','Medicamentos','SAIDA',144.89,4,2);
INSERT INTO `movimentacoes` (`id`,`data`,`descricao`,`tipoMovimentacao`,`valor`,`categoria_id`,`conta_id`) VALUES (280,'2012-06-22','Prestação da casa','SAIDA',238.40,2,2);
INSERT INTO `movimentacoes` (`id`,`data`,`descricao`,`tipoMovimentacao`,`valor`,`categoria_id`,`conta_id`) VALUES (281,'2012-06-22','Restaurante','SAIDA',79.90,6,2);
INSERT INTO `movimentacoes` (`id`,`data`,`descricao`,`tipoMovimentacao`,`valor`,`categoria_id`,`conta_id`) VALUES (282,'2012-06-26','Escola','SAIDA',476.80,2,2);
INSERT INTO `movimentacoes` (`id`,`data`,`descricao`,`tipoMovimentacao`,`valor`,`categoria_id`,`conta_id`) VALUES (283,'2012-07-01','Salário mensal','ENTRADA',2182.60,1,2);
INSERT INTO `movimentacoes` (`id`,`data`,`descricao`,`tipoMovimentacao`,`valor`,`categoria_id`,`conta_id`) VALUES (284,'2012-07-03','Supermercado','SAIDA',353.40,2,2);
INSERT INTO `movimentacoes` (`id`,`data`,`descricao`,`tipoMovimentacao`,`valor`,`categoria_id`,`conta_id`) VALUES (285,'2012-07-03','Luz','SAIDA',114.50,2,2);
INSERT INTO `movimentacoes` (`id`,`data`,`descricao`,`tipoMovimentacao`,`valor`,`categoria_id`,`conta_id`) VALUES (286,'2012-07-03',NULL,'SAIDA',10.50,2,2);
INSERT INTO `movimentacoes` (`id`,`data`,`descricao`,`tipoMovimentacao`,`valor`,`categoria_id`,`conta_id`) VALUES (287,'2012-07-03','Prestação Casa','SAIDA',459.32,2,2);
INSERT INTO `movimentacoes` (`id`,`data`,`descricao`,`tipoMovimentacao`,`valor`,`categoria_id`,`conta_id`) VALUES (288,'2012-07-03','Condomínio','SAIDA',238.60,2,2);
INSERT INTO `movimentacoes` (`id`,`data`,`descricao`,`tipoMovimentacao`,`valor`,`categoria_id`,`conta_id`) VALUES (289,'2012-07-04','TV por assinatura','SAIDA',152.70,2,2);
INSERT INTO `movimentacoes` (`id`,`data`,`descricao`,`tipoMovimentacao`,`valor`,`categoria_id`,`conta_id`) VALUES (290,'2012-07-04','Telefone fixo','SAIDA',66.23,2,2);
INSERT INTO `movimentacoes` (`id`,`data`,`descricao`,`tipoMovimentacao`,`valor`,`categoria_id`,`conta_id`) VALUES (291,'2012-07-08','Prestação Carro','SAIDA',236.00,7,2);
INSERT INTO `movimentacoes` (`id`,`data`,`descricao`,`tipoMovimentacao`,`valor`,`categoria_id`,`conta_id`) VALUES (292,'2012-07-08','Metro','SAIDA',59.80,5,2);
INSERT INTO `movimentacoes` (`id`,`data`,`descricao`,`tipoMovimentacao`,`valor`,`categoria_id`,`conta_id`) VALUES (293,'2012-07-08','Plano de saúde','SAIDA',46.70,4,2);
INSERT INTO `movimentacoes` (`id`,`data`,`descricao`,`tipoMovimentacao`,`valor`,`categoria_id`,`conta_id`) VALUES (294,'2012-07-08','Medicamentos','SAIDA',124.89,4,2);
INSERT INTO `movimentacoes` (`id`,`data`,`descricao`,`tipoMovimentacao`,`valor`,`categoria_id`,`conta_id`) VALUES (295,'2012-07-22','Prestação da casa','SAIDA',226.40,2,2);
INSERT INTO `movimentacoes` (`id`,`data`,`descricao`,`tipoMovimentacao`,`valor`,`categoria_id`,`conta_id`) VALUES (296,'2012-07-22','Restaurante','SAIDA',79.90,6,2);
INSERT INTO `movimentacoes` (`id`,`data`,`descricao`,`tipoMovimentacao`,`valor`,`categoria_id`,`conta_id`) VALUES (297,'2012-07-26','Escola','SAIDA',456.80,2,2);
INSERT INTO `movimentacoes` (`id`,`data`,`descricao`,`tipoMovimentacao`,`valor`,`categoria_id`,`conta_id`) VALUES (298,'2012-08-01','Salário mensal','ENTRADA',2036.60,1,2);
INSERT INTO `movimentacoes` (`id`,`data`,`descricao`,`tipoMovimentacao`,`valor`,`categoria_id`,`conta_id`) VALUES (299,'2012-08-03','Supermercado','SAIDA',335.40,2,2);
INSERT INTO `movimentacoes` (`id`,`data`,`descricao`,`tipoMovimentacao`,`valor`,`categoria_id`,`conta_id`) VALUES (300,'2012-08-03','Luz','SAIDA',116.50,2,2);
INSERT INTO `movimentacoes` (`id`,`data`,`descricao`,`tipoMovimentacao`,`valor`,`categoria_id`,`conta_id`) VALUES (301,'2012-08-03',NULL,'SAIDA',1.50,2,2);
INSERT INTO `movimentacoes` (`id`,`data`,`descricao`,`tipoMovimentacao`,`valor`,`categoria_id`,`conta_id`) VALUES (302,'2012-08-03','Prestação Casa','SAIDA',265.32,2,2);
INSERT INTO `movimentacoes` (`id`,`data`,`descricao`,`tipoMovimentacao`,`valor`,`categoria_id`,`conta_id`) VALUES (303,'2012-08-03','Condomínio','SAIDA',238.60,2,2);
INSERT INTO `movimentacoes` (`id`,`data`,`descricao`,`tipoMovimentacao`,`valor`,`categoria_id`,`conta_id`) VALUES (304,'2012-08-04','TV por assinatura','SAIDA',152.70,2,2);
INSERT INTO `movimentacoes` (`id`,`data`,`descricao`,`tipoMovimentacao`,`valor`,`categoria_id`,`conta_id`) VALUES (305,'2012-08-04','Telefone fixo','SAIDA',66.23,2,2);
INSERT INTO `movimentacoes` (`id`,`data`,`descricao`,`tipoMovimentacao`,`valor`,`categoria_id`,`conta_id`) VALUES (306,'2012-08-08','Prestação Carro','SAIDA',216.00,7,2);
INSERT INTO `movimentacoes` (`id`,`data`,`descricao`,`tipoMovimentacao`,`valor`,`categoria_id`,`conta_id`) VALUES (307,'2012-08-08','Metro','SAIDA',59.80,5,2);
INSERT INTO `movimentacoes` (`id`,`data`,`descricao`,`tipoMovimentacao`,`valor`,`categoria_id`,`conta_id`) VALUES (308,'2012-08-08','Plano de saúde','SAIDA',62.70,4,2);
INSERT INTO `movimentacoes` (`id`,`data`,`descricao`,`tipoMovimentacao`,`valor`,`categoria_id`,`conta_id`) VALUES (309,'2012-08-08','Medicamentos','SAIDA',124.89,4,2);
INSERT INTO `movimentacoes` (`id`,`data`,`descricao`,`tipoMovimentacao`,`valor`,`categoria_id`,`conta_id`) VALUES (310,'2012-08-22','Prestação da casa','SAIDA',226.40,2,2);
INSERT INTO `movimentacoes` (`id`,`data`,`descricao`,`tipoMovimentacao`,`valor`,`categoria_id`,`conta_id`) VALUES (311,'2012-08-22','Restaurante','SAIDA',79.90,6,2);
INSERT INTO `movimentacoes` (`id`,`data`,`descricao`,`tipoMovimentacao`,`valor`,`categoria_id`,`conta_id`) VALUES (312,'2012-08-26','Escola','SAIDA',456.80,2,2);
INSERT INTO `movimentacoes` (`id`,`data`,`descricao`,`tipoMovimentacao`,`valor`,`categoria_id`,`conta_id`) VALUES (313,'2012-09-01','Salário mensal','ENTRADA',2036.60,1,2);
INSERT INTO `movimentacoes` (`id`,`data`,`descricao`,`tipoMovimentacao`,`valor`,`categoria_id`,`conta_id`) VALUES (314,'2012-09-03','Supermercado','SAIDA',349.40,2,2);
INSERT INTO `movimentacoes` (`id`,`data`,`descricao`,`tipoMovimentacao`,`valor`,`categoria_id`,`conta_id`) VALUES (315,'2012-09-03','Luz','SAIDA',98.50,2,2);
INSERT INTO `movimentacoes` (`id`,`data`,`descricao`,`tipoMovimentacao`,`valor`,`categoria_id`,`conta_id`) VALUES (316,'2012-09-03',NULL,'SAIDA',1.50,2,2);
INSERT INTO `movimentacoes` (`id`,`data`,`descricao`,`tipoMovimentacao`,`valor`,`categoria_id`,`conta_id`) VALUES (317,'2012-09-03','Prestação Casa','SAIDA',265.32,2,2);
INSERT INTO `movimentacoes` (`id`,`data`,`descricao`,`tipoMovimentacao`,`valor`,`categoria_id`,`conta_id`) VALUES (318,'2012-09-03','Condomínio','SAIDA',222.60,2,2);
INSERT INTO `movimentacoes` (`id`,`data`,`descricao`,`tipoMovimentacao`,`valor`,`categoria_id`,`conta_id`) VALUES (319,'2012-09-04','TV por assinatura','SAIDA',152.70,2,2);
INSERT INTO `movimentacoes` (`id`,`data`,`descricao`,`tipoMovimentacao`,`valor`,`categoria_id`,`conta_id`) VALUES (320,'2012-09-04','Telefone fixo','SAIDA',72.23,2,2);
INSERT INTO `movimentacoes` (`id`,`data`,`descricao`,`tipoMovimentacao`,`valor`,`categoria_id`,`conta_id`) VALUES (321,'2012-09-08','Prestação Carro','SAIDA',232.00,7,2);
INSERT INTO `movimentacoes` (`id`,`data`,`descricao`,`tipoMovimentacao`,`valor`,`categoria_id`,`conta_id`) VALUES (322,'2012-09-08','Metro','SAIDA',75.80,5,2);
INSERT INTO `movimentacoes` (`id`,`data`,`descricao`,`tipoMovimentacao`,`valor`,`categoria_id`,`conta_id`) VALUES (323,'2012-09-08','Plano de saúde','SAIDA',60.70,4,2);
INSERT INTO `movimentacoes` (`id`,`data`,`descricao`,`tipoMovimentacao`,`valor`,`categoria_id`,`conta_id`) VALUES (324,'2012-09-08','Medicamentos','SAIDA',142.89,4,2);
INSERT INTO `movimentacoes` (`id`,`data`,`descricao`,`tipoMovimentacao`,`valor`,`categoria_id`,`conta_id`) VALUES (325,'2012-09-22','Prestação da casa','SAIDA',226.40,2,2);
INSERT INTO `movimentacoes` (`id`,`data`,`descricao`,`tipoMovimentacao`,`valor`,`categoria_id`,`conta_id`) VALUES (326,'2012-09-22','Restaurante','SAIDA',93.90,6,2);
INSERT INTO `movimentacoes` (`id`,`data`,`descricao`,`tipoMovimentacao`,`valor`,`categoria_id`,`conta_id`) VALUES (327,'2012-09-26','Escola','SAIDA',474.80,2,2);
INSERT INTO `movimentacoes` (`id`,`data`,`descricao`,`tipoMovimentacao`,`valor`,`categoria_id`,`conta_id`) VALUES (328,'2012-10-01','Salário mensal','ENTRADA',2172.60,1,2);
INSERT INTO `movimentacoes` (`id`,`data`,`descricao`,`tipoMovimentacao`,`valor`,`categoria_id`,`conta_id`) VALUES (329,'2012-10-03','Supermercado','SAIDA',345.40,2,2);
INSERT INTO `movimentacoes` (`id`,`data`,`descricao`,`tipoMovimentacao`,`valor`,`categoria_id`,`conta_id`) VALUES (330,'2012-10-03','Luz','SAIDA',114.50,2,2);
INSERT INTO `movimentacoes` (`id`,`data`,`descricao`,`tipoMovimentacao`,`valor`,`categoria_id`,`conta_id`) VALUES (331,'2012-10-03',NULL,'SAIDA',18.50,2,2);
INSERT INTO `movimentacoes` (`id`,`data`,`descricao`,`tipoMovimentacao`,`valor`,`categoria_id`,`conta_id`) VALUES (332,'2012-10-03','Prestação Casa','SAIDA',375.32,2,2);
INSERT INTO `movimentacoes` (`id`,`data`,`descricao`,`tipoMovimentacao`,`valor`,`categoria_id`,`conta_id`) VALUES (333,'2012-10-03','Condomínio','SAIDA',236.60,2,2);
INSERT INTO `movimentacoes` (`id`,`data`,`descricao`,`tipoMovimentacao`,`valor`,`categoria_id`,`conta_id`) VALUES (334,'2012-10-04','TV por assinatura','SAIDA',152.70,2,2);
INSERT INTO `movimentacoes` (`id`,`data`,`descricao`,`tipoMovimentacao`,`valor`,`categoria_id`,`conta_id`) VALUES (335,'2012-10-04','Telefone fixo','SAIDA',52.23,2,2);
INSERT INTO `movimentacoes` (`id`,`data`,`descricao`,`tipoMovimentacao`,`valor`,`categoria_id`,`conta_id`) VALUES (336,'2012-10-08','Prestação Carro','SAIDA',216.00,7,2);
INSERT INTO `movimentacoes` (`id`,`data`,`descricao`,`tipoMovimentacao`,`valor`,`categoria_id`,`conta_id`) VALUES (337,'2012-10-08','Metro','SAIDA',59.80,5,2);
INSERT INTO `movimentacoes` (`id`,`data`,`descricao`,`tipoMovimentacao`,`valor`,`categoria_id`,`conta_id`) VALUES (338,'2012-10-08','Plano de saúde','SAIDA',66.70,4,2);
INSERT INTO `movimentacoes` (`id`,`data`,`descricao`,`tipoMovimentacao`,`valor`,`categoria_id`,`conta_id`) VALUES (339,'2012-10-08','Medicamentos','SAIDA',144.89,4,2);
INSERT INTO `movimentacoes` (`id`,`data`,`descricao`,`tipoMovimentacao`,`valor`,`categoria_id`,`conta_id`) VALUES (340,'2012-10-22','Prestação da casa','SAIDA',236.40,2,2);
INSERT INTO `movimentacoes` (`id`,`data`,`descricao`,`tipoMovimentacao`,`valor`,`categoria_id`,`conta_id`) VALUES (341,'2012-10-22','Restaurante','SAIDA',93.90,6,2);
INSERT INTO `movimentacoes` (`id`,`data`,`descricao`,`tipoMovimentacao`,`valor`,`categoria_id`,`conta_id`) VALUES (342,'2012-10-26','Escola','SAIDA',472.80,2,2);
INSERT INTO `movimentacoes` (`id`,`data`,`descricao`,`tipoMovimentacao`,`valor`,`categoria_id`,`conta_id`) VALUES (343,'2012-11-01','Salário mensal','ENTRADA',2178.60,1,2);
INSERT INTO `movimentacoes` (`id`,`data`,`descricao`,`tipoMovimentacao`,`valor`,`categoria_id`,`conta_id`) VALUES (344,'2012-11-03','Supermercado','SAIDA',353.40,2,2);
INSERT INTO `movimentacoes` (`id`,`data`,`descricao`,`tipoMovimentacao`,`valor`,`categoria_id`,`conta_id`) VALUES (345,'2012-11-03','Luz','SAIDA',114.50,2,2);
INSERT INTO `movimentacoes` (`id`,`data`,`descricao`,`tipoMovimentacao`,`valor`,`categoria_id`,`conta_id`) VALUES (346,'2012-11-03',NULL,'SAIDA',1.50,2,2);
INSERT INTO `movimentacoes` (`id`,`data`,`descricao`,`tipoMovimentacao`,`valor`,`categoria_id`,`conta_id`) VALUES (347,'2012-11-03','Prestação Casa','SAIDA',265.32,2,2);
INSERT INTO `movimentacoes` (`id`,`data`,`descricao`,`tipoMovimentacao`,`valor`,`categoria_id`,`conta_id`) VALUES (348,'2012-11-03','Condomínio','SAIDA',222.60,2,2);
INSERT INTO `movimentacoes` (`id`,`data`,`descricao`,`tipoMovimentacao`,`valor`,`categoria_id`,`conta_id`) VALUES (349,'2012-11-04','TV por assinatura','SAIDA',152.70,2,2);
INSERT INTO `movimentacoes` (`id`,`data`,`descricao`,`tipoMovimentacao`,`valor`,`categoria_id`,`conta_id`) VALUES (350,'2012-11-04','Telefone fixo','SAIDA',66.23,2,2);
INSERT INTO `movimentacoes` (`id`,`data`,`descricao`,`tipoMovimentacao`,`valor`,`categoria_id`,`conta_id`) VALUES (351,'2012-11-08','Prestação Carro','SAIDA',236.00,7,2);
INSERT INTO `movimentacoes` (`id`,`data`,`descricao`,`tipoMovimentacao`,`valor`,`categoria_id`,`conta_id`) VALUES (352,'2012-11-08','Metro','SAIDA',75.80,5,2);
INSERT INTO `movimentacoes` (`id`,`data`,`descricao`,`tipoMovimentacao`,`valor`,`categoria_id`,`conta_id`) VALUES (353,'2012-11-08','Plano de saúde','SAIDA',56.70,4,2);
INSERT INTO `movimentacoes` (`id`,`data`,`descricao`,`tipoMovimentacao`,`valor`,`categoria_id`,`conta_id`) VALUES (354,'2012-11-08','Medicamentos','SAIDA',124.89,4,2);
INSERT INTO `movimentacoes` (`id`,`data`,`descricao`,`tipoMovimentacao`,`valor`,`categoria_id`,`conta_id`) VALUES (355,'2012-11-22','Prestação da casa','SAIDA',242.40,2,2);
INSERT INTO `movimentacoes` (`id`,`data`,`descricao`,`tipoMovimentacao`,`valor`,`categoria_id`,`conta_id`) VALUES (356,'2012-11-22','Restaurante','SAIDA',79.90,6,2);
INSERT INTO `movimentacoes` (`id`,`data`,`descricao`,`tipoMovimentacao`,`valor`,`categoria_id`,`conta_id`) VALUES (357,'2012-11-26','Escola','SAIDA',456.80,2,2);
INSERT INTO `movimentacoes` (`id`,`data`,`descricao`,`tipoMovimentacao`,`valor`,`categoria_id`,`conta_id`) VALUES (358,'2012-12-01','Salário mensal','ENTRADA',2158.60,1,2);
INSERT INTO `movimentacoes` (`id`,`data`,`descricao`,`tipoMovimentacao`,`valor`,`categoria_id`,`conta_id`) VALUES (359,'2012-12-03','Supermercado','SAIDA',335.40,2,2);
INSERT INTO `movimentacoes` (`id`,`data`,`descricao`,`tipoMovimentacao`,`valor`,`categoria_id`,`conta_id`) VALUES (360,'2012-12-03','Luz','SAIDA',108.50,2,2);
INSERT INTO `movimentacoes` (`id`,`data`,`descricao`,`tipoMovimentacao`,`valor`,`categoria_id`,`conta_id`) VALUES (361,'2012-12-03',NULL,'SAIDA',12.50,2,2);
INSERT INTO `movimentacoes` (`id`,`data`,`descricao`,`tipoMovimentacao`,`valor`,`categoria_id`,`conta_id`) VALUES (362,'2012-12-03','Prestação Casa','SAIDA',463.32,2,2);
INSERT INTO `movimentacoes` (`id`,`data`,`descricao`,`tipoMovimentacao`,`valor`,`categoria_id`,`conta_id`) VALUES (363,'2012-12-03','Condomínio','SAIDA',222.60,2,2);
INSERT INTO `movimentacoes` (`id`,`data`,`descricao`,`tipoMovimentacao`,`valor`,`categoria_id`,`conta_id`) VALUES (364,'2012-12-04','TV por assinatura','SAIDA',152.70,2,2);
INSERT INTO `movimentacoes` (`id`,`data`,`descricao`,`tipoMovimentacao`,`valor`,`categoria_id`,`conta_id`) VALUES (365,'2012-12-04','Telefone fixo','SAIDA',52.23,2,2);
INSERT INTO `movimentacoes` (`id`,`data`,`descricao`,`tipoMovimentacao`,`valor`,`categoria_id`,`conta_id`) VALUES (366,'2012-12-08','Prestação Carro','SAIDA',232.00,7,2);
INSERT INTO `movimentacoes` (`id`,`data`,`descricao`,`tipoMovimentacao`,`valor`,`categoria_id`,`conta_id`) VALUES (367,'2012-12-08','Metro','SAIDA',69.80,5,2);
INSERT INTO `movimentacoes` (`id`,`data`,`descricao`,`tipoMovimentacao`,`valor`,`categoria_id`,`conta_id`) VALUES (368,'2012-12-08','Plano de saúde','SAIDA',60.70,4,2);
INSERT INTO `movimentacoes` (`id`,`data`,`descricao`,`tipoMovimentacao`,`valor`,`categoria_id`,`conta_id`) VALUES (369,'2012-12-08','Medicamentos','SAIDA',124.89,4,2);
INSERT INTO `movimentacoes` (`id`,`data`,`descricao`,`tipoMovimentacao`,`valor`,`categoria_id`,`conta_id`) VALUES (370,'2012-12-22','Prestação da casa','SAIDA',240.40,2,2);
INSERT INTO `movimentacoes` (`id`,`data`,`descricao`,`tipoMovimentacao`,`valor`,`categoria_id`,`conta_id`) VALUES (371,'2012-12-22','Restaurante','SAIDA',79.90,6,2);
INSERT INTO `movimentacoes` (`id`,`data`,`descricao`,`tipoMovimentacao`,`valor`,`categoria_id`,`conta_id`) VALUES (372,'2012-12-26','Escola','SAIDA',456.80,2,2);
INSERT INTO `movimentacoes` (`id`,`data`,`descricao`,`tipoMovimentacao`,`valor`,`categoria_id`,`conta_id`) VALUES (373,'2012-01-01','Salário mensal','ENTRADA',1936.60,1,3);
INSERT INTO `movimentacoes` (`id`,`data`,`descricao`,`tipoMovimentacao`,`valor`,`categoria_id`,`conta_id`) VALUES (374,'2012-01-03','Supermercado','SAIDA',335.40,2,3);
INSERT INTO `movimentacoes` (`id`,`data`,`descricao`,`tipoMovimentacao`,`valor`,`categoria_id`,`conta_id`) VALUES (375,'2012-01-03','Luz','SAIDA',112.50,2,3);
INSERT INTO `movimentacoes` (`id`,`data`,`descricao`,`tipoMovimentacao`,`valor`,`categoria_id`,`conta_id`) VALUES (376,'2012-01-03',NULL,'SAIDA',8.50,2,3);
INSERT INTO `movimentacoes` (`id`,`data`,`descricao`,`tipoMovimentacao`,`valor`,`categoria_id`,`conta_id`) VALUES (377,'2012-01-03','Aluguel','SAIDA',599.10,2,3);
INSERT INTO `movimentacoes` (`id`,`data`,`descricao`,`tipoMovimentacao`,`valor`,`categoria_id`,`conta_id`) VALUES (378,'2012-01-03','Condomínio','SAIDA',242.60,2,3);
INSERT INTO `movimentacoes` (`id`,`data`,`descricao`,`tipoMovimentacao`,`valor`,`categoria_id`,`conta_id`) VALUES (379,'2012-01-04','TV por assinatura','SAIDA',164.70,2,3);
INSERT INTO `movimentacoes` (`id`,`data`,`descricao`,`tipoMovimentacao`,`valor`,`categoria_id`,`conta_id`) VALUES (380,'2012-01-04','Telefone fixo','SAIDA',52.23,2,3);
INSERT INTO `movimentacoes` (`id`,`data`,`descricao`,`tipoMovimentacao`,`valor`,`categoria_id`,`conta_id`) VALUES (381,'2012-01-08','Prestação Carro','SAIDA',216.00,7,3);
INSERT INTO `movimentacoes` (`id`,`data`,`descricao`,`tipoMovimentacao`,`valor`,`categoria_id`,`conta_id`) VALUES (382,'2012-01-08','Onibus','SAIDA',59.80,5,3);
INSERT INTO `movimentacoes` (`id`,`data`,`descricao`,`tipoMovimentacao`,`valor`,`categoria_id`,`conta_id`) VALUES (383,'2012-01-08','Plano de saúde','SAIDA',64.70,4,3);
INSERT INTO `movimentacoes` (`id`,`data`,`descricao`,`tipoMovimentacao`,`valor`,`categoria_id`,`conta_id`) VALUES (384,'2012-01-08','Medicamentos','SAIDA',140.89,4,3);
INSERT INTO `movimentacoes` (`id`,`data`,`descricao`,`tipoMovimentacao`,`valor`,`categoria_id`,`conta_id`) VALUES (385,'2012-01-22','Prestação da casa','SAIDA',246.40,2,3);
INSERT INTO `movimentacoes` (`id`,`data`,`descricao`,`tipoMovimentacao`,`valor`,`categoria_id`,`conta_id`) VALUES (386,'2012-01-22','Restaurante','SAIDA',95.90,6,3);
INSERT INTO `movimentacoes` (`id`,`data`,`descricao`,`tipoMovimentacao`,`valor`,`categoria_id`,`conta_id`) VALUES (387,'2012-01-22','Celular','SAIDA',71.60,6,3);
INSERT INTO `movimentacoes` (`id`,`data`,`descricao`,`tipoMovimentacao`,`valor`,`categoria_id`,`conta_id`) VALUES (388,'2012-01-26','Creche','SAIDA',348.30,2,3);
INSERT INTO `movimentacoes` (`id`,`data`,`descricao`,`tipoMovimentacao`,`valor`,`categoria_id`,`conta_id`) VALUES (389,'2012-02-01','Salário mensal','ENTRADA',2278.60,1,3);
INSERT INTO `movimentacoes` (`id`,`data`,`descricao`,`tipoMovimentacao`,`valor`,`categoria_id`,`conta_id`) VALUES (390,'2012-02-03','Supermercado','SAIDA',345.40,2,3);
INSERT INTO `movimentacoes` (`id`,`data`,`descricao`,`tipoMovimentacao`,`valor`,`categoria_id`,`conta_id`) VALUES (391,'2012-02-03','Luz','SAIDA',98.50,2,3);
INSERT INTO `movimentacoes` (`id`,`data`,`descricao`,`tipoMovimentacao`,`valor`,`categoria_id`,`conta_id`) VALUES (392,'2012-02-03',NULL,'SAIDA',1.50,2,3);
INSERT INTO `movimentacoes` (`id`,`data`,`descricao`,`tipoMovimentacao`,`valor`,`categoria_id`,`conta_id`) VALUES (393,'2012-02-03','Aluguel','SAIDA',269.10,2,3);
INSERT INTO `movimentacoes` (`id`,`data`,`descricao`,`tipoMovimentacao`,`valor`,`categoria_id`,`conta_id`) VALUES (394,'2012-02-03','Condomínio','SAIDA',240.60,2,3);
INSERT INTO `movimentacoes` (`id`,`data`,`descricao`,`tipoMovimentacao`,`valor`,`categoria_id`,`conta_id`) VALUES (395,'2012-02-04','TV por assinatura','SAIDA',172.70,2,3);
INSERT INTO `movimentacoes` (`id`,`data`,`descricao`,`tipoMovimentacao`,`valor`,`categoria_id`,`conta_id`) VALUES (396,'2012-02-04','Telefone fixo','SAIDA',52.23,2,3);
INSERT INTO `movimentacoes` (`id`,`data`,`descricao`,`tipoMovimentacao`,`valor`,`categoria_id`,`conta_id`) VALUES (397,'2012-02-08','Prestação Carro','SAIDA',216.00,7,3);
INSERT INTO `movimentacoes` (`id`,`data`,`descricao`,`tipoMovimentacao`,`valor`,`categoria_id`,`conta_id`) VALUES (398,'2012-02-08','Onibus','SAIDA',59.80,5,3);
INSERT INTO `movimentacoes` (`id`,`data`,`descricao`,`tipoMovimentacao`,`valor`,`categoria_id`,`conta_id`) VALUES (399,'2012-02-08','Plano de saúde','SAIDA',46.70,4,3);
INSERT INTO `movimentacoes` (`id`,`data`,`descricao`,`tipoMovimentacao`,`valor`,`categoria_id`,`conta_id`) VALUES (400,'2012-02-08','Medicamentos','SAIDA',140.89,4,3);
INSERT INTO `movimentacoes` (`id`,`data`,`descricao`,`tipoMovimentacao`,`valor`,`categoria_id`,`conta_id`) VALUES (401,'2012-02-22','Prestação da casa','SAIDA',226.40,2,3);
INSERT INTO `movimentacoes` (`id`,`data`,`descricao`,`tipoMovimentacao`,`valor`,`categoria_id`,`conta_id`) VALUES (402,'2012-02-22','Restaurante','SAIDA',91.90,6,3);
INSERT INTO `movimentacoes` (`id`,`data`,`descricao`,`tipoMovimentacao`,`valor`,`categoria_id`,`conta_id`) VALUES (403,'2012-02-22','Celular','SAIDA',71.60,6,3);
INSERT INTO `movimentacoes` (`id`,`data`,`descricao`,`tipoMovimentacao`,`valor`,`categoria_id`,`conta_id`) VALUES (404,'2012-02-26','Creche','SAIDA',336.30,2,3);
INSERT INTO `movimentacoes` (`id`,`data`,`descricao`,`tipoMovimentacao`,`valor`,`categoria_id`,`conta_id`) VALUES (405,'2012-03-01','Salário mensal','ENTRADA',1936.60,1,3);
INSERT INTO `movimentacoes` (`id`,`data`,`descricao`,`tipoMovimentacao`,`valor`,`categoria_id`,`conta_id`) VALUES (406,'2012-03-03','Supermercado','SAIDA',347.40,2,3);
INSERT INTO `movimentacoes` (`id`,`data`,`descricao`,`tipoMovimentacao`,`valor`,`categoria_id`,`conta_id`) VALUES (407,'2012-03-03','Luz','SAIDA',98.50,2,3);
INSERT INTO `movimentacoes` (`id`,`data`,`descricao`,`tipoMovimentacao`,`valor`,`categoria_id`,`conta_id`) VALUES (408,'2012-03-03',NULL,'SAIDA',1.50,2,3);
INSERT INTO `movimentacoes` (`id`,`data`,`descricao`,`tipoMovimentacao`,`valor`,`categoria_id`,`conta_id`) VALUES (409,'2012-03-03','Aluguel','SAIDA',505.10,2,3);
INSERT INTO `movimentacoes` (`id`,`data`,`descricao`,`tipoMovimentacao`,`valor`,`categoria_id`,`conta_id`) VALUES (410,'2012-03-03','Condomínio','SAIDA',236.60,2,3);
INSERT INTO `movimentacoes` (`id`,`data`,`descricao`,`tipoMovimentacao`,`valor`,`categoria_id`,`conta_id`) VALUES (411,'2012-03-04','TV por assinatura','SAIDA',172.70,2,3);
INSERT INTO `movimentacoes` (`id`,`data`,`descricao`,`tipoMovimentacao`,`valor`,`categoria_id`,`conta_id`) VALUES (412,'2012-03-04','Telefone fixo','SAIDA',70.23,2,3);
INSERT INTO `movimentacoes` (`id`,`data`,`descricao`,`tipoMovimentacao`,`valor`,`categoria_id`,`conta_id`) VALUES (413,'2012-03-08','Prestação Carro','SAIDA',230.00,7,3);
INSERT INTO `movimentacoes` (`id`,`data`,`descricao`,`tipoMovimentacao`,`valor`,`categoria_id`,`conta_id`) VALUES (414,'2012-03-08','Onibus','SAIDA',59.80,5,3);
INSERT INTO `movimentacoes` (`id`,`data`,`descricao`,`tipoMovimentacao`,`valor`,`categoria_id`,`conta_id`) VALUES (415,'2012-03-08','Plano de saúde','SAIDA',64.70,4,3);
INSERT INTO `movimentacoes` (`id`,`data`,`descricao`,`tipoMovimentacao`,`valor`,`categoria_id`,`conta_id`) VALUES (416,'2012-03-08','Medicamentos','SAIDA',136.89,4,3);
INSERT INTO `movimentacoes` (`id`,`data`,`descricao`,`tipoMovimentacao`,`valor`,`categoria_id`,`conta_id`) VALUES (417,'2012-03-22','Prestação da casa','SAIDA',226.40,2,3);
INSERT INTO `movimentacoes` (`id`,`data`,`descricao`,`tipoMovimentacao`,`valor`,`categoria_id`,`conta_id`) VALUES (418,'2012-03-22','Restaurante','SAIDA',79.90,6,3);
INSERT INTO `movimentacoes` (`id`,`data`,`descricao`,`tipoMovimentacao`,`valor`,`categoria_id`,`conta_id`) VALUES (419,'2012-03-22','Celular','SAIDA',71.60,6,3);
INSERT INTO `movimentacoes` (`id`,`data`,`descricao`,`tipoMovimentacao`,`valor`,`categoria_id`,`conta_id`) VALUES (420,'2012-03-26','Creche','SAIDA',336.30,2,3);
INSERT INTO `movimentacoes` (`id`,`data`,`descricao`,`tipoMovimentacao`,`valor`,`categoria_id`,`conta_id`) VALUES (421,'2012-04-01','Salário mensal','ENTRADA',2234.60,1,3);
INSERT INTO `movimentacoes` (`id`,`data`,`descricao`,`tipoMovimentacao`,`valor`,`categoria_id`,`conta_id`) VALUES (422,'2012-04-03','Supermercado','SAIDA',353.40,2,3);
INSERT INTO `movimentacoes` (`id`,`data`,`descricao`,`tipoMovimentacao`,`valor`,`categoria_id`,`conta_id`) VALUES (423,'2012-04-03','Luz','SAIDA',98.50,2,3);
INSERT INTO `movimentacoes` (`id`,`data`,`descricao`,`tipoMovimentacao`,`valor`,`categoria_id`,`conta_id`) VALUES (424,'2012-04-03',NULL,'SAIDA',1.50,2,3);
INSERT INTO `movimentacoes` (`id`,`data`,`descricao`,`tipoMovimentacao`,`valor`,`categoria_id`,`conta_id`) VALUES (425,'2012-04-03','Aluguel','SAIDA',269.10,2,3);
INSERT INTO `movimentacoes` (`id`,`data`,`descricao`,`tipoMovimentacao`,`valor`,`categoria_id`,`conta_id`) VALUES (426,'2012-04-03','Condomínio','SAIDA',232.60,2,3);
INSERT INTO `movimentacoes` (`id`,`data`,`descricao`,`tipoMovimentacao`,`valor`,`categoria_id`,`conta_id`) VALUES (427,'2012-04-04','TV por assinatura','SAIDA',162.70,2,3);
INSERT INTO `movimentacoes` (`id`,`data`,`descricao`,`tipoMovimentacao`,`valor`,`categoria_id`,`conta_id`) VALUES (428,'2012-04-04','Telefone fixo','SAIDA',52.23,2,3);
INSERT INTO `movimentacoes` (`id`,`data`,`descricao`,`tipoMovimentacao`,`valor`,`categoria_id`,`conta_id`) VALUES (429,'2012-04-08','Prestação Carro','SAIDA',216.00,7,3);
INSERT INTO `movimentacoes` (`id`,`data`,`descricao`,`tipoMovimentacao`,`valor`,`categoria_id`,`conta_id`) VALUES (430,'2012-04-08','Onibus','SAIDA',75.80,5,3);
INSERT INTO `movimentacoes` (`id`,`data`,`descricao`,`tipoMovimentacao`,`valor`,`categoria_id`,`conta_id`) VALUES (431,'2012-04-08','Plano de saúde','SAIDA',46.70,4,3);
INSERT INTO `movimentacoes` (`id`,`data`,`descricao`,`tipoMovimentacao`,`valor`,`categoria_id`,`conta_id`) VALUES (432,'2012-04-08','Medicamentos','SAIDA',124.89,4,3);
INSERT INTO `movimentacoes` (`id`,`data`,`descricao`,`tipoMovimentacao`,`valor`,`categoria_id`,`conta_id`) VALUES (433,'2012-04-22','Prestação da casa','SAIDA',246.40,2,3);
INSERT INTO `movimentacoes` (`id`,`data`,`descricao`,`tipoMovimentacao`,`valor`,`categoria_id`,`conta_id`) VALUES (434,'2012-04-22','Restaurante','SAIDA',79.90,6,3);
INSERT INTO `movimentacoes` (`id`,`data`,`descricao`,`tipoMovimentacao`,`valor`,`categoria_id`,`conta_id`) VALUES (435,'2012-04-22','Celular','SAIDA',55.60,6,3);
INSERT INTO `movimentacoes` (`id`,`data`,`descricao`,`tipoMovimentacao`,`valor`,`categoria_id`,`conta_id`) VALUES (436,'2012-04-26','Creche','SAIDA',336.30,2,3);
INSERT INTO `movimentacoes` (`id`,`data`,`descricao`,`tipoMovimentacao`,`valor`,`categoria_id`,`conta_id`) VALUES (437,'2012-05-01','Salário mensal','ENTRADA',1936.60,1,3);
INSERT INTO `movimentacoes` (`id`,`data`,`descricao`,`tipoMovimentacao`,`valor`,`categoria_id`,`conta_id`) VALUES (438,'2012-05-03','Supermercado','SAIDA',335.40,2,3);
INSERT INTO `movimentacoes` (`id`,`data`,`descricao`,`tipoMovimentacao`,`valor`,`categoria_id`,`conta_id`) VALUES (439,'2012-05-03','Luz','SAIDA',110.50,2,3);
INSERT INTO `movimentacoes` (`id`,`data`,`descricao`,`tipoMovimentacao`,`valor`,`categoria_id`,`conta_id`) VALUES (440,'2012-05-03',NULL,'SAIDA',1.50,2,3);
INSERT INTO `movimentacoes` (`id`,`data`,`descricao`,`tipoMovimentacao`,`valor`,`categoria_id`,`conta_id`) VALUES (441,'2012-05-03','Aluguel','SAIDA',501.10,2,3);
INSERT INTO `movimentacoes` (`id`,`data`,`descricao`,`tipoMovimentacao`,`valor`,`categoria_id`,`conta_id`) VALUES (442,'2012-05-03','Condomínio','SAIDA',222.60,2,3);
INSERT INTO `movimentacoes` (`id`,`data`,`descricao`,`tipoMovimentacao`,`valor`,`categoria_id`,`conta_id`) VALUES (443,'2012-05-04','TV por assinatura','SAIDA',164.70,2,3);
INSERT INTO `movimentacoes` (`id`,`data`,`descricao`,`tipoMovimentacao`,`valor`,`categoria_id`,`conta_id`) VALUES (444,'2012-05-04','Telefone fixo','SAIDA',62.23,2,3);
INSERT INTO `movimentacoes` (`id`,`data`,`descricao`,`tipoMovimentacao`,`valor`,`categoria_id`,`conta_id`) VALUES (445,'2012-05-08','Prestação Carro','SAIDA',216.00,7,3);
INSERT INTO `movimentacoes` (`id`,`data`,`descricao`,`tipoMovimentacao`,`valor`,`categoria_id`,`conta_id`) VALUES (446,'2012-05-08','Onibus','SAIDA',69.80,5,3);
INSERT INTO `movimentacoes` (`id`,`data`,`descricao`,`tipoMovimentacao`,`valor`,`categoria_id`,`conta_id`) VALUES (447,'2012-05-08','Plano de saúde','SAIDA',46.70,4,3);
INSERT INTO `movimentacoes` (`id`,`data`,`descricao`,`tipoMovimentacao`,`valor`,`categoria_id`,`conta_id`) VALUES (448,'2012-05-08','Medicamentos','SAIDA',140.89,4,3);
INSERT INTO `movimentacoes` (`id`,`data`,`descricao`,`tipoMovimentacao`,`valor`,`categoria_id`,`conta_id`) VALUES (449,'2012-05-22','Prestação da casa','SAIDA',226.40,2,3);
INSERT INTO `movimentacoes` (`id`,`data`,`descricao`,`tipoMovimentacao`,`valor`,`categoria_id`,`conta_id`) VALUES (450,'2012-05-22','Restaurante','SAIDA',97.90,6,3);
INSERT INTO `movimentacoes` (`id`,`data`,`descricao`,`tipoMovimentacao`,`valor`,`categoria_id`,`conta_id`) VALUES (451,'2012-05-22','Celular','SAIDA',67.60,6,3);
INSERT INTO `movimentacoes` (`id`,`data`,`descricao`,`tipoMovimentacao`,`valor`,`categoria_id`,`conta_id`) VALUES (452,'2012-05-26','Creche','SAIDA',336.30,2,3);
INSERT INTO `movimentacoes` (`id`,`data`,`descricao`,`tipoMovimentacao`,`valor`,`categoria_id`,`conta_id`) VALUES (453,'2012-06-01','Salário mensal','ENTRADA',1936.60,1,3);
INSERT INTO `movimentacoes` (`id`,`data`,`descricao`,`tipoMovimentacao`,`valor`,`categoria_id`,`conta_id`) VALUES (454,'2012-06-03','Supermercado','SAIDA',335.40,2,3);
INSERT INTO `movimentacoes` (`id`,`data`,`descricao`,`tipoMovimentacao`,`valor`,`categoria_id`,`conta_id`) VALUES (455,'2012-06-03','Luz','SAIDA',114.50,2,3);
INSERT INTO `movimentacoes` (`id`,`data`,`descricao`,`tipoMovimentacao`,`valor`,`categoria_id`,`conta_id`) VALUES (456,'2012-06-03',NULL,'SAIDA',1.50,2,3);
INSERT INTO `movimentacoes` (`id`,`data`,`descricao`,`tipoMovimentacao`,`valor`,`categoria_id`,`conta_id`) VALUES (457,'2012-06-03','Aluguel','SAIDA',269.10,2,3);
INSERT INTO `movimentacoes` (`id`,`data`,`descricao`,`tipoMovimentacao`,`valor`,`categoria_id`,`conta_id`) VALUES (458,'2012-06-03','Condomínio','SAIDA',242.60,2,3);
INSERT INTO `movimentacoes` (`id`,`data`,`descricao`,`tipoMovimentacao`,`valor`,`categoria_id`,`conta_id`) VALUES (459,'2012-06-04','TV por assinatura','SAIDA',152.70,2,3);
INSERT INTO `movimentacoes` (`id`,`data`,`descricao`,`tipoMovimentacao`,`valor`,`categoria_id`,`conta_id`) VALUES (460,'2012-06-04','Telefone fixo','SAIDA',52.23,2,3);
INSERT INTO `movimentacoes` (`id`,`data`,`descricao`,`tipoMovimentacao`,`valor`,`categoria_id`,`conta_id`) VALUES (461,'2012-06-08','Prestação Carro','SAIDA',216.00,7,3);
INSERT INTO `movimentacoes` (`id`,`data`,`descricao`,`tipoMovimentacao`,`valor`,`categoria_id`,`conta_id`) VALUES (462,'2012-06-08','Onibus','SAIDA',77.80,5,3);
INSERT INTO `movimentacoes` (`id`,`data`,`descricao`,`tipoMovimentacao`,`valor`,`categoria_id`,`conta_id`) VALUES (463,'2012-06-08','Plano de saúde','SAIDA',46.70,4,3);
INSERT INTO `movimentacoes` (`id`,`data`,`descricao`,`tipoMovimentacao`,`valor`,`categoria_id`,`conta_id`) VALUES (464,'2012-06-08','Medicamentos','SAIDA',142.89,4,3);
INSERT INTO `movimentacoes` (`id`,`data`,`descricao`,`tipoMovimentacao`,`valor`,`categoria_id`,`conta_id`) VALUES (465,'2012-06-22','Prestação da casa','SAIDA',226.40,2,3);
INSERT INTO `movimentacoes` (`id`,`data`,`descricao`,`tipoMovimentacao`,`valor`,`categoria_id`,`conta_id`) VALUES (466,'2012-06-22','Restaurante','SAIDA',93.90,6,3);
INSERT INTO `movimentacoes` (`id`,`data`,`descricao`,`tipoMovimentacao`,`valor`,`categoria_id`,`conta_id`) VALUES (467,'2012-06-22','Celular','SAIDA',55.60,6,3);
INSERT INTO `movimentacoes` (`id`,`data`,`descricao`,`tipoMovimentacao`,`valor`,`categoria_id`,`conta_id`) VALUES (468,'2012-06-26','Creche','SAIDA',352.30,2,3);
INSERT INTO `movimentacoes` (`id`,`data`,`descricao`,`tipoMovimentacao`,`valor`,`categoria_id`,`conta_id`) VALUES (469,'2012-07-01','Salário mensal','ENTRADA',2168.60,1,3);
INSERT INTO `movimentacoes` (`id`,`data`,`descricao`,`tipoMovimentacao`,`valor`,`categoria_id`,`conta_id`) VALUES (470,'2012-07-03','Supermercado','SAIDA',335.40,2,3);
INSERT INTO `movimentacoes` (`id`,`data`,`descricao`,`tipoMovimentacao`,`valor`,`categoria_id`,`conta_id`) VALUES (471,'2012-07-03','Luz','SAIDA',114.50,2,3);
INSERT INTO `movimentacoes` (`id`,`data`,`descricao`,`tipoMovimentacao`,`valor`,`categoria_id`,`conta_id`) VALUES (472,'2012-07-03',NULL,'SAIDA',1.50,2,3);
INSERT INTO `movimentacoes` (`id`,`data`,`descricao`,`tipoMovimentacao`,`valor`,`categoria_id`,`conta_id`) VALUES (473,'2012-07-03','Aluguel','SAIDA',269.10,2,3);
INSERT INTO `movimentacoes` (`id`,`data`,`descricao`,`tipoMovimentacao`,`valor`,`categoria_id`,`conta_id`) VALUES (474,'2012-07-03','Condomínio','SAIDA',222.60,2,3);
INSERT INTO `movimentacoes` (`id`,`data`,`descricao`,`tipoMovimentacao`,`valor`,`categoria_id`,`conta_id`) VALUES (475,'2012-07-04','TV por assinatura','SAIDA',166.70,2,3);
INSERT INTO `movimentacoes` (`id`,`data`,`descricao`,`tipoMovimentacao`,`valor`,`categoria_id`,`conta_id`) VALUES (476,'2012-07-04','Telefone fixo','SAIDA',64.23,2,3);
INSERT INTO `movimentacoes` (`id`,`data`,`descricao`,`tipoMovimentacao`,`valor`,`categoria_id`,`conta_id`) VALUES (477,'2012-07-08','Prestação Carro','SAIDA',234.00,7,3);
INSERT INTO `movimentacoes` (`id`,`data`,`descricao`,`tipoMovimentacao`,`valor`,`categoria_id`,`conta_id`) VALUES (478,'2012-07-08','Onibus','SAIDA',59.80,5,3);
INSERT INTO `movimentacoes` (`id`,`data`,`descricao`,`tipoMovimentacao`,`valor`,`categoria_id`,`conta_id`) VALUES (479,'2012-07-08','Plano de saúde','SAIDA',46.70,4,3);
INSERT INTO `movimentacoes` (`id`,`data`,`descricao`,`tipoMovimentacao`,`valor`,`categoria_id`,`conta_id`) VALUES (480,'2012-07-08','Medicamentos','SAIDA',124.89,4,3);
INSERT INTO `movimentacoes` (`id`,`data`,`descricao`,`tipoMovimentacao`,`valor`,`categoria_id`,`conta_id`) VALUES (481,'2012-07-22','Prestação da casa','SAIDA',226.40,2,3);
INSERT INTO `movimentacoes` (`id`,`data`,`descricao`,`tipoMovimentacao`,`valor`,`categoria_id`,`conta_id`) VALUES (482,'2012-07-22','Restaurante','SAIDA',79.90,6,3);
INSERT INTO `movimentacoes` (`id`,`data`,`descricao`,`tipoMovimentacao`,`valor`,`categoria_id`,`conta_id`) VALUES (483,'2012-07-22','Celular','SAIDA',69.60,6,3);
INSERT INTO `movimentacoes` (`id`,`data`,`descricao`,`tipoMovimentacao`,`valor`,`categoria_id`,`conta_id`) VALUES (484,'2012-07-26','Creche','SAIDA',354.30,2,3);
INSERT INTO `movimentacoes` (`id`,`data`,`descricao`,`tipoMovimentacao`,`valor`,`categoria_id`,`conta_id`) VALUES (485,'2012-08-01','Salário mensal','ENTRADA',1936.60,1,3);
INSERT INTO `movimentacoes` (`id`,`data`,`descricao`,`tipoMovimentacao`,`valor`,`categoria_id`,`conta_id`) VALUES (486,'2012-08-03','Supermercado','SAIDA',351.40,2,3);
INSERT INTO `movimentacoes` (`id`,`data`,`descricao`,`tipoMovimentacao`,`valor`,`categoria_id`,`conta_id`) VALUES (487,'2012-08-03','Luz','SAIDA',110.50,2,3);
INSERT INTO `movimentacoes` (`id`,`data`,`descricao`,`tipoMovimentacao`,`valor`,`categoria_id`,`conta_id`) VALUES (488,'2012-08-03',NULL,'SAIDA',1.50,2,3);
INSERT INTO `movimentacoes` (`id`,`data`,`descricao`,`tipoMovimentacao`,`valor`,`categoria_id`,`conta_id`) VALUES (489,'2012-08-03','Aluguel','SAIDA',269.10,2,3);
INSERT INTO `movimentacoes` (`id`,`data`,`descricao`,`tipoMovimentacao`,`valor`,`categoria_id`,`conta_id`) VALUES (490,'2012-08-03','Condomínio','SAIDA',222.60,2,3);
INSERT INTO `movimentacoes` (`id`,`data`,`descricao`,`tipoMovimentacao`,`valor`,`categoria_id`,`conta_id`) VALUES (491,'2012-08-04','TV por assinatura','SAIDA',162.70,2,3);
INSERT INTO `movimentacoes` (`id`,`data`,`descricao`,`tipoMovimentacao`,`valor`,`categoria_id`,`conta_id`) VALUES (492,'2012-08-04','Telefone fixo','SAIDA',52.23,2,3);
INSERT INTO `movimentacoes` (`id`,`data`,`descricao`,`tipoMovimentacao`,`valor`,`categoria_id`,`conta_id`) VALUES (493,'2012-08-08','Prestação Carro','SAIDA',216.00,7,3);
INSERT INTO `movimentacoes` (`id`,`data`,`descricao`,`tipoMovimentacao`,`valor`,`categoria_id`,`conta_id`) VALUES (494,'2012-08-08','Onibus','SAIDA',75.80,5,3);
INSERT INTO `movimentacoes` (`id`,`data`,`descricao`,`tipoMovimentacao`,`valor`,`categoria_id`,`conta_id`) VALUES (495,'2012-08-08','Plano de saúde','SAIDA',60.70,4,3);
INSERT INTO `movimentacoes` (`id`,`data`,`descricao`,`tipoMovimentacao`,`valor`,`categoria_id`,`conta_id`) VALUES (496,'2012-08-08','Medicamentos','SAIDA',124.89,4,3);
INSERT INTO `movimentacoes` (`id`,`data`,`descricao`,`tipoMovimentacao`,`valor`,`categoria_id`,`conta_id`) VALUES (497,'2012-08-22','Prestação da casa','SAIDA',244.40,2,3);
INSERT INTO `movimentacoes` (`id`,`data`,`descricao`,`tipoMovimentacao`,`valor`,`categoria_id`,`conta_id`) VALUES (498,'2012-08-22','Restaurante','SAIDA',79.90,6,3);
INSERT INTO `movimentacoes` (`id`,`data`,`descricao`,`tipoMovimentacao`,`valor`,`categoria_id`,`conta_id`) VALUES (499,'2012-08-22','Celular','SAIDA',71.60,6,3);
INSERT INTO `movimentacoes` (`id`,`data`,`descricao`,`tipoMovimentacao`,`valor`,`categoria_id`,`conta_id`) VALUES (500,'2012-08-26','Creche','SAIDA',352.30,2,3);
INSERT INTO `movimentacoes` (`id`,`data`,`descricao`,`tipoMovimentacao`,`valor`,`categoria_id`,`conta_id`) VALUES (501,'2012-09-01','Salário mensal','ENTRADA',1936.60,1,3);
INSERT INTO `movimentacoes` (`id`,`data`,`descricao`,`tipoMovimentacao`,`valor`,`categoria_id`,`conta_id`) VALUES (502,'2012-09-03','Supermercado','SAIDA',351.40,2,3);
INSERT INTO `movimentacoes` (`id`,`data`,`descricao`,`tipoMovimentacao`,`valor`,`categoria_id`,`conta_id`) VALUES (503,'2012-09-03','Luz','SAIDA',112.50,2,3);
INSERT INTO `movimentacoes` (`id`,`data`,`descricao`,`tipoMovimentacao`,`valor`,`categoria_id`,`conta_id`) VALUES (504,'2012-09-03',NULL,'SAIDA',16.50,2,3);
INSERT INTO `movimentacoes` (`id`,`data`,`descricao`,`tipoMovimentacao`,`valor`,`categoria_id`,`conta_id`) VALUES (505,'2012-09-03','Aluguel','SAIDA',269.10,2,3);
INSERT INTO `movimentacoes` (`id`,`data`,`descricao`,`tipoMovimentacao`,`valor`,`categoria_id`,`conta_id`) VALUES (506,'2012-09-03','Condomínio','SAIDA',236.60,2,3);
INSERT INTO `movimentacoes` (`id`,`data`,`descricao`,`tipoMovimentacao`,`valor`,`categoria_id`,`conta_id`) VALUES (507,'2012-09-04','TV por assinatura','SAIDA',152.70,2,3);
INSERT INTO `movimentacoes` (`id`,`data`,`descricao`,`tipoMovimentacao`,`valor`,`categoria_id`,`conta_id`) VALUES (508,'2012-09-04','Telefone fixo','SAIDA',52.23,2,3);
INSERT INTO `movimentacoes` (`id`,`data`,`descricao`,`tipoMovimentacao`,`valor`,`categoria_id`,`conta_id`) VALUES (509,'2012-09-08','Prestação Carro','SAIDA',216.00,7,3);
INSERT INTO `movimentacoes` (`id`,`data`,`descricao`,`tipoMovimentacao`,`valor`,`categoria_id`,`conta_id`) VALUES (510,'2012-09-08','Onibus','SAIDA',71.80,5,3);
INSERT INTO `movimentacoes` (`id`,`data`,`descricao`,`tipoMovimentacao`,`valor`,`categoria_id`,`conta_id`) VALUES (511,'2012-09-08','Plano de saúde','SAIDA',46.70,4,3);
INSERT INTO `movimentacoes` (`id`,`data`,`descricao`,`tipoMovimentacao`,`valor`,`categoria_id`,`conta_id`) VALUES (512,'2012-09-08','Medicamentos','SAIDA',124.89,4,3);
INSERT INTO `movimentacoes` (`id`,`data`,`descricao`,`tipoMovimentacao`,`valor`,`categoria_id`,`conta_id`) VALUES (513,'2012-09-22','Prestação da casa','SAIDA',242.40,2,3);
INSERT INTO `movimentacoes` (`id`,`data`,`descricao`,`tipoMovimentacao`,`valor`,`categoria_id`,`conta_id`) VALUES (514,'2012-09-22','Restaurante','SAIDA',97.90,6,3);
INSERT INTO `movimentacoes` (`id`,`data`,`descricao`,`tipoMovimentacao`,`valor`,`categoria_id`,`conta_id`) VALUES (515,'2012-09-22','Celular','SAIDA',67.60,6,3);
INSERT INTO `movimentacoes` (`id`,`data`,`descricao`,`tipoMovimentacao`,`valor`,`categoria_id`,`conta_id`) VALUES (516,'2012-09-26','Creche','SAIDA',336.30,2,3);
INSERT INTO `movimentacoes` (`id`,`data`,`descricao`,`tipoMovimentacao`,`valor`,`categoria_id`,`conta_id`) VALUES (517,'2012-10-01','Salário mensal','ENTRADA',1936.60,1,3);
INSERT INTO `movimentacoes` (`id`,`data`,`descricao`,`tipoMovimentacao`,`valor`,`categoria_id`,`conta_id`) VALUES (518,'2012-10-03','Supermercado','SAIDA',353.40,2,3);
INSERT INTO `movimentacoes` (`id`,`data`,`descricao`,`tipoMovimentacao`,`valor`,`categoria_id`,`conta_id`) VALUES (519,'2012-10-03','Luz','SAIDA',112.50,2,3);
INSERT INTO `movimentacoes` (`id`,`data`,`descricao`,`tipoMovimentacao`,`valor`,`categoria_id`,`conta_id`) VALUES (520,'2012-10-03',NULL,'SAIDA',1.50,2,3);
INSERT INTO `movimentacoes` (`id`,`data`,`descricao`,`tipoMovimentacao`,`valor`,`categoria_id`,`conta_id`) VALUES (521,'2012-10-03','Aluguel','SAIDA',269.10,2,3);
INSERT INTO `movimentacoes` (`id`,`data`,`descricao`,`tipoMovimentacao`,`valor`,`categoria_id`,`conta_id`) VALUES (522,'2012-10-03','Condomínio','SAIDA',234.60,2,3);
INSERT INTO `movimentacoes` (`id`,`data`,`descricao`,`tipoMovimentacao`,`valor`,`categoria_id`,`conta_id`) VALUES (523,'2012-10-04','TV por assinatura','SAIDA',152.70,2,3);
INSERT INTO `movimentacoes` (`id`,`data`,`descricao`,`tipoMovimentacao`,`valor`,`categoria_id`,`conta_id`) VALUES (524,'2012-10-04','Telefone fixo','SAIDA',52.23,2,3);
INSERT INTO `movimentacoes` (`id`,`data`,`descricao`,`tipoMovimentacao`,`valor`,`categoria_id`,`conta_id`) VALUES (525,'2012-10-08','Prestação Carro','SAIDA',230.00,7,3);
INSERT INTO `movimentacoes` (`id`,`data`,`descricao`,`tipoMovimentacao`,`valor`,`categoria_id`,`conta_id`) VALUES (526,'2012-10-08','Onibus','SAIDA',69.80,5,3);
INSERT INTO `movimentacoes` (`id`,`data`,`descricao`,`tipoMovimentacao`,`valor`,`categoria_id`,`conta_id`) VALUES (527,'2012-10-08','Plano de saúde','SAIDA',46.70,4,3);
INSERT INTO `movimentacoes` (`id`,`data`,`descricao`,`tipoMovimentacao`,`valor`,`categoria_id`,`conta_id`) VALUES (528,'2012-10-08','Medicamentos','SAIDA',136.89,4,3);
INSERT INTO `movimentacoes` (`id`,`data`,`descricao`,`tipoMovimentacao`,`valor`,`categoria_id`,`conta_id`) VALUES (529,'2012-10-22','Prestação da casa','SAIDA',226.40,2,3);
INSERT INTO `movimentacoes` (`id`,`data`,`descricao`,`tipoMovimentacao`,`valor`,`categoria_id`,`conta_id`) VALUES (530,'2012-10-22','Restaurante','SAIDA',79.90,6,3);
INSERT INTO `movimentacoes` (`id`,`data`,`descricao`,`tipoMovimentacao`,`valor`,`categoria_id`,`conta_id`) VALUES (531,'2012-10-22','Celular','SAIDA',75.60,6,3);
INSERT INTO `movimentacoes` (`id`,`data`,`descricao`,`tipoMovimentacao`,`valor`,`categoria_id`,`conta_id`) VALUES (532,'2012-10-26','Creche','SAIDA',348.30,2,3);
INSERT INTO `movimentacoes` (`id`,`data`,`descricao`,`tipoMovimentacao`,`valor`,`categoria_id`,`conta_id`) VALUES (533,'2012-11-01','Salário mensal','ENTRADA',1936.60,1,3);
INSERT INTO `movimentacoes` (`id`,`data`,`descricao`,`tipoMovimentacao`,`valor`,`categoria_id`,`conta_id`) VALUES (534,'2012-11-03','Supermercado','SAIDA',345.40,2,3);
INSERT INTO `movimentacoes` (`id`,`data`,`descricao`,`tipoMovimentacao`,`valor`,`categoria_id`,`conta_id`) VALUES (535,'2012-11-03','Luz','SAIDA',112.50,2,3);
INSERT INTO `movimentacoes` (`id`,`data`,`descricao`,`tipoMovimentacao`,`valor`,`categoria_id`,`conta_id`) VALUES (536,'2012-11-03',NULL,'SAIDA',8.50,2,3);
INSERT INTO `movimentacoes` (`id`,`data`,`descricao`,`tipoMovimentacao`,`valor`,`categoria_id`,`conta_id`) VALUES (537,'2012-11-03','Aluguel','SAIDA',269.10,2,3);
INSERT INTO `movimentacoes` (`id`,`data`,`descricao`,`tipoMovimentacao`,`valor`,`categoria_id`,`conta_id`) VALUES (538,'2012-11-03','Condomínio','SAIDA',242.60,2,3);
INSERT INTO `movimentacoes` (`id`,`data`,`descricao`,`tipoMovimentacao`,`valor`,`categoria_id`,`conta_id`) VALUES (539,'2012-11-04','TV por assinatura','SAIDA',172.70,2,3);
INSERT INTO `movimentacoes` (`id`,`data`,`descricao`,`tipoMovimentacao`,`valor`,`categoria_id`,`conta_id`) VALUES (540,'2012-11-04','Telefone fixo','SAIDA',62.23,2,3);
INSERT INTO `movimentacoes` (`id`,`data`,`descricao`,`tipoMovimentacao`,`valor`,`categoria_id`,`conta_id`) VALUES (541,'2012-11-08','Prestação Carro','SAIDA',230.00,7,3);
INSERT INTO `movimentacoes` (`id`,`data`,`descricao`,`tipoMovimentacao`,`valor`,`categoria_id`,`conta_id`) VALUES (542,'2012-11-08','Onibus','SAIDA',71.80,5,3);
INSERT INTO `movimentacoes` (`id`,`data`,`descricao`,`tipoMovimentacao`,`valor`,`categoria_id`,`conta_id`) VALUES (543,'2012-11-08','Plano de saúde','SAIDA',62.70,4,3);
INSERT INTO `movimentacoes` (`id`,`data`,`descricao`,`tipoMovimentacao`,`valor`,`categoria_id`,`conta_id`) VALUES (544,'2012-11-08','Medicamentos','SAIDA',124.89,4,3);
INSERT INTO `movimentacoes` (`id`,`data`,`descricao`,`tipoMovimentacao`,`valor`,`categoria_id`,`conta_id`) VALUES (545,'2012-11-22','Prestação da casa','SAIDA',238.40,2,3);
INSERT INTO `movimentacoes` (`id`,`data`,`descricao`,`tipoMovimentacao`,`valor`,`categoria_id`,`conta_id`) VALUES (546,'2012-11-22','Restaurante','SAIDA',79.90,6,3);
INSERT INTO `movimentacoes` (`id`,`data`,`descricao`,`tipoMovimentacao`,`valor`,`categoria_id`,`conta_id`) VALUES (547,'2012-11-22','Celular','SAIDA',55.60,6,3);
INSERT INTO `movimentacoes` (`id`,`data`,`descricao`,`tipoMovimentacao`,`valor`,`categoria_id`,`conta_id`) VALUES (548,'2012-11-26','Creche','SAIDA',336.30,2,3);
INSERT INTO `movimentacoes` (`id`,`data`,`descricao`,`tipoMovimentacao`,`valor`,`categoria_id`,`conta_id`) VALUES (549,'2012-12-01','Salário mensal','ENTRADA',2170.60,1,3);
INSERT INTO `movimentacoes` (`id`,`data`,`descricao`,`tipoMovimentacao`,`valor`,`categoria_id`,`conta_id`) VALUES (550,'2012-12-03','Supermercado','SAIDA',353.40,2,3);
INSERT INTO `movimentacoes` (`id`,`data`,`descricao`,`tipoMovimentacao`,`valor`,`categoria_id`,`conta_id`) VALUES (551,'2012-12-03','Luz','SAIDA',98.50,2,3);
INSERT INTO `movimentacoes` (`id`,`data`,`descricao`,`tipoMovimentacao`,`valor`,`categoria_id`,`conta_id`) VALUES (552,'2012-12-03',NULL,'SAIDA',14.50,2,3);
INSERT INTO `movimentacoes` (`id`,`data`,`descricao`,`tipoMovimentacao`,`valor`,`categoria_id`,`conta_id`) VALUES (553,'2012-12-03','Aluguel','SAIDA',617.10,2,3);
INSERT INTO `movimentacoes` (`id`,`data`,`descricao`,`tipoMovimentacao`,`valor`,`categoria_id`,`conta_id`) VALUES (554,'2012-12-03','Condomínio','SAIDA',222.60,2,3);
INSERT INTO `movimentacoes` (`id`,`data`,`descricao`,`tipoMovimentacao`,`valor`,`categoria_id`,`conta_id`) VALUES (555,'2012-12-04','TV por assinatura','SAIDA',152.70,2,3);
INSERT INTO `movimentacoes` (`id`,`data`,`descricao`,`tipoMovimentacao`,`valor`,`categoria_id`,`conta_id`) VALUES (556,'2012-12-04','Telefone fixo','SAIDA',52.23,2,3);
INSERT INTO `movimentacoes` (`id`,`data`,`descricao`,`tipoMovimentacao`,`valor`,`categoria_id`,`conta_id`) VALUES (557,'2012-12-08','Prestação Carro','SAIDA',234.00,7,3);
INSERT INTO `movimentacoes` (`id`,`data`,`descricao`,`tipoMovimentacao`,`valor`,`categoria_id`,`conta_id`) VALUES (558,'2012-12-08','Onibus','SAIDA',79.80,5,3);
INSERT INTO `movimentacoes` (`id`,`data`,`descricao`,`tipoMovimentacao`,`valor`,`categoria_id`,`conta_id`) VALUES (559,'2012-12-08','Plano de saúde','SAIDA',64.70,4,3);
INSERT INTO `movimentacoes` (`id`,`data`,`descricao`,`tipoMovimentacao`,`valor`,`categoria_id`,`conta_id`) VALUES (560,'2012-12-08','Medicamentos','SAIDA',134.89,4,3);
INSERT INTO `movimentacoes` (`id`,`data`,`descricao`,`tipoMovimentacao`,`valor`,`categoria_id`,`conta_id`) VALUES (561,'2012-12-22','Prestação da casa','SAIDA',246.40,2,3);
INSERT INTO `movimentacoes` (`id`,`data`,`descricao`,`tipoMovimentacao`,`valor`,`categoria_id`,`conta_id`) VALUES (562,'2012-12-22','Restaurante','SAIDA',79.90,6,3);
INSERT INTO `movimentacoes` (`id`,`data`,`descricao`,`tipoMovimentacao`,`valor`,`categoria_id`,`conta_id`) VALUES (563,'2012-12-22','Celular','SAIDA',55.60,6,3);
INSERT INTO `movimentacoes` (`id`,`data`,`descricao`,`tipoMovimentacao`,`valor`,`categoria_id`,`conta_id`) VALUES (564,'2012-12-26','Creche','SAIDA',336.30,2,3);
INSERT INTO `movimentacoes` (`id`,`data`,`descricao`,`tipoMovimentacao`,`valor`,`categoria_id`,`conta_id`) VALUES (565,'2012-01-01','Salário mensal','ENTRADA',1836.60,1,4);
INSERT INTO `movimentacoes` (`id`,`data`,`descricao`,`tipoMovimentacao`,`valor`,`categoria_id`,`conta_id`) VALUES (566,'2012-01-03','Supermercado','SAIDA',347.40,2,4);
INSERT INTO `movimentacoes` (`id`,`data`,`descricao`,`tipoMovimentacao`,`valor`,`categoria_id`,`conta_id`) VALUES (567,'2012-01-03','Luz','SAIDA',118.50,2,4);
INSERT INTO `movimentacoes` (`id`,`data`,`descricao`,`tipoMovimentacao`,`valor`,`categoria_id`,`conta_id`) VALUES (568,'2012-01-03',NULL,'SAIDA',1.50,2,4);
INSERT INTO `movimentacoes` (`id`,`data`,`descricao`,`tipoMovimentacao`,`valor`,`categoria_id`,`conta_id`) VALUES (569,'2012-01-03','Prestação Casa','SAIDA',659.32,2,4);
INSERT INTO `movimentacoes` (`id`,`data`,`descricao`,`tipoMovimentacao`,`valor`,`categoria_id`,`conta_id`) VALUES (570,'2012-01-03','Condomínio','SAIDA',238.60,2,4);
INSERT INTO `movimentacoes` (`id`,`data`,`descricao`,`tipoMovimentacao`,`valor`,`categoria_id`,`conta_id`) VALUES (571,'2012-01-04','TV por assinatura','SAIDA',172.70,2,4);
INSERT INTO `movimentacoes` (`id`,`data`,`descricao`,`tipoMovimentacao`,`valor`,`categoria_id`,`conta_id`) VALUES (572,'2012-01-04','Telefone fixo','SAIDA',70.23,2,4);
INSERT INTO `movimentacoes` (`id`,`data`,`descricao`,`tipoMovimentacao`,`valor`,`categoria_id`,`conta_id`) VALUES (573,'2012-01-08','Prestação Carro','SAIDA',216.00,7,4);
INSERT INTO `movimentacoes` (`id`,`data`,`descricao`,`tipoMovimentacao`,`valor`,`categoria_id`,`conta_id`) VALUES (574,'2012-01-08','Metro','SAIDA',59.80,5,4);
INSERT INTO `movimentacoes` (`id`,`data`,`descricao`,`tipoMovimentacao`,`valor`,`categoria_id`,`conta_id`) VALUES (575,'2012-01-08','Plano de saúde','SAIDA',46.70,4,4);
INSERT INTO `movimentacoes` (`id`,`data`,`descricao`,`tipoMovimentacao`,`valor`,`categoria_id`,`conta_id`) VALUES (576,'2012-01-08','Medicamentos','SAIDA',138.89,4,4);
INSERT INTO `movimentacoes` (`id`,`data`,`descricao`,`tipoMovimentacao`,`valor`,`categoria_id`,`conta_id`) VALUES (577,'2012-01-22','Prestação da casa','SAIDA',240.40,2,4);
INSERT INTO `movimentacoes` (`id`,`data`,`descricao`,`tipoMovimentacao`,`valor`,`categoria_id`,`conta_id`) VALUES (578,'2012-01-22','Restaurante','SAIDA',79.90,6,4);
INSERT INTO `movimentacoes` (`id`,`data`,`descricao`,`tipoMovimentacao`,`valor`,`categoria_id`,`conta_id`) VALUES (579,'2012-01-26','Escola','SAIDA',456.80,2,4);
INSERT INTO `movimentacoes` (`id`,`data`,`descricao`,`tipoMovimentacao`,`valor`,`categoria_id`,`conta_id`) VALUES (580,'2012-02-01','Salário mensal','ENTRADA',2374.60,1,4);
INSERT INTO `movimentacoes` (`id`,`data`,`descricao`,`tipoMovimentacao`,`valor`,`categoria_id`,`conta_id`) VALUES (581,'2012-02-03','Supermercado','SAIDA',335.40,2,4);
INSERT INTO `movimentacoes` (`id`,`data`,`descricao`,`tipoMovimentacao`,`valor`,`categoria_id`,`conta_id`) VALUES (582,'2012-02-03','Luz','SAIDA',112.50,2,4);
INSERT INTO `movimentacoes` (`id`,`data`,`descricao`,`tipoMovimentacao`,`valor`,`categoria_id`,`conta_id`) VALUES (583,'2012-02-03',NULL,'SAIDA',16.50,2,4);
INSERT INTO `movimentacoes` (`id`,`data`,`descricao`,`tipoMovimentacao`,`valor`,`categoria_id`,`conta_id`) VALUES (584,'2012-02-03','Prestação Casa','SAIDA',401.32,2,4);
INSERT INTO `movimentacoes` (`id`,`data`,`descricao`,`tipoMovimentacao`,`valor`,`categoria_id`,`conta_id`) VALUES (585,'2012-02-03','Condomínio','SAIDA',238.60,2,4);
INSERT INTO `movimentacoes` (`id`,`data`,`descricao`,`tipoMovimentacao`,`valor`,`categoria_id`,`conta_id`) VALUES (586,'2012-02-04','TV por assinatura','SAIDA',152.70,2,4);
INSERT INTO `movimentacoes` (`id`,`data`,`descricao`,`tipoMovimentacao`,`valor`,`categoria_id`,`conta_id`) VALUES (587,'2012-02-04','Telefone fixo','SAIDA',52.23,2,4);
INSERT INTO `movimentacoes` (`id`,`data`,`descricao`,`tipoMovimentacao`,`valor`,`categoria_id`,`conta_id`) VALUES (588,'2012-02-08','Prestação Carro','SAIDA',234.00,7,4);
INSERT INTO `movimentacoes` (`id`,`data`,`descricao`,`tipoMovimentacao`,`valor`,`categoria_id`,`conta_id`) VALUES (589,'2012-02-08','Metro','SAIDA',59.80,5,4);
INSERT INTO `movimentacoes` (`id`,`data`,`descricao`,`tipoMovimentacao`,`valor`,`categoria_id`,`conta_id`) VALUES (590,'2012-02-08','Plano de saúde','SAIDA',58.70,4,4);
INSERT INTO `movimentacoes` (`id`,`data`,`descricao`,`tipoMovimentacao`,`valor`,`categoria_id`,`conta_id`) VALUES (591,'2012-02-08','Medicamentos','SAIDA',124.89,4,4);
INSERT INTO `movimentacoes` (`id`,`data`,`descricao`,`tipoMovimentacao`,`valor`,`categoria_id`,`conta_id`) VALUES (592,'2012-02-22','Prestação da casa','SAIDA',226.40,2,4);
INSERT INTO `movimentacoes` (`id`,`data`,`descricao`,`tipoMovimentacao`,`valor`,`categoria_id`,`conta_id`) VALUES (593,'2012-02-22','Restaurante','SAIDA',79.90,6,4);
INSERT INTO `movimentacoes` (`id`,`data`,`descricao`,`tipoMovimentacao`,`valor`,`categoria_id`,`conta_id`) VALUES (594,'2012-02-26','Escola','SAIDA',456.80,2,4);
INSERT INTO `movimentacoes` (`id`,`data`,`descricao`,`tipoMovimentacao`,`valor`,`categoria_id`,`conta_id`) VALUES (595,'2012-03-01','Salário mensal','ENTRADA',2326.60,1,4);
INSERT INTO `movimentacoes` (`id`,`data`,`descricao`,`tipoMovimentacao`,`valor`,`categoria_id`,`conta_id`) VALUES (596,'2012-03-03','Supermercado','SAIDA',335.40,2,4);
INSERT INTO `movimentacoes` (`id`,`data`,`descricao`,`tipoMovimentacao`,`valor`,`categoria_id`,`conta_id`) VALUES (597,'2012-03-03','Luz','SAIDA',98.50,2,4);
INSERT INTO `movimentacoes` (`id`,`data`,`descricao`,`tipoMovimentacao`,`valor`,`categoria_id`,`conta_id`) VALUES (598,'2012-03-03',NULL,'SAIDA',1.50,2,4);
INSERT INTO `movimentacoes` (`id`,`data`,`descricao`,`tipoMovimentacao`,`valor`,`categoria_id`,`conta_id`) VALUES (599,'2012-03-03','Prestação Casa','SAIDA',553.32,2,4);
INSERT INTO `movimentacoes` (`id`,`data`,`descricao`,`tipoMovimentacao`,`valor`,`categoria_id`,`conta_id`) VALUES (600,'2012-03-03','Condomínio','SAIDA',222.60,2,4);
INSERT INTO `movimentacoes` (`id`,`data`,`descricao`,`tipoMovimentacao`,`valor`,`categoria_id`,`conta_id`) VALUES (601,'2012-03-04','TV por assinatura','SAIDA',152.70,2,4);
INSERT INTO `movimentacoes` (`id`,`data`,`descricao`,`tipoMovimentacao`,`valor`,`categoria_id`,`conta_id`) VALUES (602,'2012-03-04','Telefone fixo','SAIDA',70.23,2,4);
INSERT INTO `movimentacoes` (`id`,`data`,`descricao`,`tipoMovimentacao`,`valor`,`categoria_id`,`conta_id`) VALUES (603,'2012-03-08','Prestação Carro','SAIDA',216.00,7,4);
INSERT INTO `movimentacoes` (`id`,`data`,`descricao`,`tipoMovimentacao`,`valor`,`categoria_id`,`conta_id`) VALUES (604,'2012-03-08','Metro','SAIDA',59.80,5,4);
INSERT INTO `movimentacoes` (`id`,`data`,`descricao`,`tipoMovimentacao`,`valor`,`categoria_id`,`conta_id`) VALUES (605,'2012-03-08','Plano de saúde','SAIDA',62.70,4,4);
INSERT INTO `movimentacoes` (`id`,`data`,`descricao`,`tipoMovimentacao`,`valor`,`categoria_id`,`conta_id`) VALUES (606,'2012-03-08','Medicamentos','SAIDA',144.89,4,4);
INSERT INTO `movimentacoes` (`id`,`data`,`descricao`,`tipoMovimentacao`,`valor`,`categoria_id`,`conta_id`) VALUES (607,'2012-03-22','Prestação da casa','SAIDA',244.40,2,4);
INSERT INTO `movimentacoes` (`id`,`data`,`descricao`,`tipoMovimentacao`,`valor`,`categoria_id`,`conta_id`) VALUES (608,'2012-03-22','Restaurante','SAIDA',79.90,6,4);
INSERT INTO `movimentacoes` (`id`,`data`,`descricao`,`tipoMovimentacao`,`valor`,`categoria_id`,`conta_id`) VALUES (609,'2012-03-26','Escola','SAIDA',468.80,2,4);
INSERT INTO `movimentacoes` (`id`,`data`,`descricao`,`tipoMovimentacao`,`valor`,`categoria_id`,`conta_id`) VALUES (610,'2012-04-01','Salário mensal','ENTRADA',2226.60,1,4);
INSERT INTO `movimentacoes` (`id`,`data`,`descricao`,`tipoMovimentacao`,`valor`,`categoria_id`,`conta_id`) VALUES (611,'2012-04-03','Supermercado','SAIDA',335.40,2,4);
INSERT INTO `movimentacoes` (`id`,`data`,`descricao`,`tipoMovimentacao`,`valor`,`categoria_id`,`conta_id`) VALUES (612,'2012-04-03','Luz','SAIDA',112.50,2,4);
INSERT INTO `movimentacoes` (`id`,`data`,`descricao`,`tipoMovimentacao`,`valor`,`categoria_id`,`conta_id`) VALUES (613,'2012-04-03',NULL,'SAIDA',18.50,2,4);
INSERT INTO `movimentacoes` (`id`,`data`,`descricao`,`tipoMovimentacao`,`valor`,`categoria_id`,`conta_id`) VALUES (614,'2012-04-03','Prestação Casa','SAIDA',453.32,2,4);
INSERT INTO `movimentacoes` (`id`,`data`,`descricao`,`tipoMovimentacao`,`valor`,`categoria_id`,`conta_id`) VALUES (615,'2012-04-03','Condomínio','SAIDA',240.60,2,4);
INSERT INTO `movimentacoes` (`id`,`data`,`descricao`,`tipoMovimentacao`,`valor`,`categoria_id`,`conta_id`) VALUES (616,'2012-04-04','TV por assinatura','SAIDA',152.70,2,4);
INSERT INTO `movimentacoes` (`id`,`data`,`descricao`,`tipoMovimentacao`,`valor`,`categoria_id`,`conta_id`) VALUES (617,'2012-04-04','Telefone fixo','SAIDA',72.23,2,4);
INSERT INTO `movimentacoes` (`id`,`data`,`descricao`,`tipoMovimentacao`,`valor`,`categoria_id`,`conta_id`) VALUES (618,'2012-04-08','Prestação Carro','SAIDA',216.00,7,4);
INSERT INTO `movimentacoes` (`id`,`data`,`descricao`,`tipoMovimentacao`,`valor`,`categoria_id`,`conta_id`) VALUES (619,'2012-04-08','Metro','SAIDA',79.80,5,4);
INSERT INTO `movimentacoes` (`id`,`data`,`descricao`,`tipoMovimentacao`,`valor`,`categoria_id`,`conta_id`) VALUES (620,'2012-04-08','Plano de saúde','SAIDA',62.70,4,4);
INSERT INTO `movimentacoes` (`id`,`data`,`descricao`,`tipoMovimentacao`,`valor`,`categoria_id`,`conta_id`) VALUES (621,'2012-04-08','Medicamentos','SAIDA',142.89,4,4);
INSERT INTO `movimentacoes` (`id`,`data`,`descricao`,`tipoMovimentacao`,`valor`,`categoria_id`,`conta_id`) VALUES (622,'2012-04-22','Prestação da casa','SAIDA',226.40,2,4);
INSERT INTO `movimentacoes` (`id`,`data`,`descricao`,`tipoMovimentacao`,`valor`,`categoria_id`,`conta_id`) VALUES (623,'2012-04-22','Restaurante','SAIDA',95.90,6,4);
INSERT INTO `movimentacoes` (`id`,`data`,`descricao`,`tipoMovimentacao`,`valor`,`categoria_id`,`conta_id`) VALUES (624,'2012-04-26','Escola','SAIDA',468.80,2,4);
INSERT INTO `movimentacoes` (`id`,`data`,`descricao`,`tipoMovimentacao`,`valor`,`categoria_id`,`conta_id`) VALUES (625,'2012-05-01','Salário mensal','ENTRADA',1836.60,1,4);
INSERT INTO `movimentacoes` (`id`,`data`,`descricao`,`tipoMovimentacao`,`valor`,`categoria_id`,`conta_id`) VALUES (626,'2012-05-03','Supermercado','SAIDA',335.40,2,4);
INSERT INTO `movimentacoes` (`id`,`data`,`descricao`,`tipoMovimentacao`,`valor`,`categoria_id`,`conta_id`) VALUES (627,'2012-05-03','Luz','SAIDA',116.50,2,4);
INSERT INTO `movimentacoes` (`id`,`data`,`descricao`,`tipoMovimentacao`,`valor`,`categoria_id`,`conta_id`) VALUES (628,'2012-05-03',NULL,'SAIDA',1.50,2,4);
INSERT INTO `movimentacoes` (`id`,`data`,`descricao`,`tipoMovimentacao`,`valor`,`categoria_id`,`conta_id`) VALUES (629,'2012-05-03','Prestação Casa','SAIDA',65.32,2,4);
INSERT INTO `movimentacoes` (`id`,`data`,`descricao`,`tipoMovimentacao`,`valor`,`categoria_id`,`conta_id`) VALUES (630,'2012-05-03','Condomínio','SAIDA',234.60,2,4);
INSERT INTO `movimentacoes` (`id`,`data`,`descricao`,`tipoMovimentacao`,`valor`,`categoria_id`,`conta_id`) VALUES (631,'2012-05-04','TV por assinatura','SAIDA',168.70,2,4);
INSERT INTO `movimentacoes` (`id`,`data`,`descricao`,`tipoMovimentacao`,`valor`,`categoria_id`,`conta_id`) VALUES (632,'2012-05-04','Telefone fixo','SAIDA',52.23,2,4);
INSERT INTO `movimentacoes` (`id`,`data`,`descricao`,`tipoMovimentacao`,`valor`,`categoria_id`,`conta_id`) VALUES (633,'2012-05-08','Prestação Carro','SAIDA',216.00,7,4);
INSERT INTO `movimentacoes` (`id`,`data`,`descricao`,`tipoMovimentacao`,`valor`,`categoria_id`,`conta_id`) VALUES (634,'2012-05-08','Metro','SAIDA',73.80,5,4);
INSERT INTO `movimentacoes` (`id`,`data`,`descricao`,`tipoMovimentacao`,`valor`,`categoria_id`,`conta_id`) VALUES (635,'2012-05-08','Plano de saúde','SAIDA',66.70,4,4);
INSERT INTO `movimentacoes` (`id`,`data`,`descricao`,`tipoMovimentacao`,`valor`,`categoria_id`,`conta_id`) VALUES (636,'2012-05-08','Medicamentos','SAIDA',142.89,4,4);
INSERT INTO `movimentacoes` (`id`,`data`,`descricao`,`tipoMovimentacao`,`valor`,`categoria_id`,`conta_id`) VALUES (637,'2012-05-22','Prestação da casa','SAIDA',242.40,2,4);
INSERT INTO `movimentacoes` (`id`,`data`,`descricao`,`tipoMovimentacao`,`valor`,`categoria_id`,`conta_id`) VALUES (638,'2012-05-22','Restaurante','SAIDA',91.90,6,4);
INSERT INTO `movimentacoes` (`id`,`data`,`descricao`,`tipoMovimentacao`,`valor`,`categoria_id`,`conta_id`) VALUES (639,'2012-05-26','Escola','SAIDA',456.80,2,4);
INSERT INTO `movimentacoes` (`id`,`data`,`descricao`,`tipoMovimentacao`,`valor`,`categoria_id`,`conta_id`) VALUES (640,'2012-06-01','Salário mensal','ENTRADA',1836.60,1,4);
INSERT INTO `movimentacoes` (`id`,`data`,`descricao`,`tipoMovimentacao`,`valor`,`categoria_id`,`conta_id`) VALUES (641,'2012-06-03','Supermercado','SAIDA',349.40,2,4);
INSERT INTO `movimentacoes` (`id`,`data`,`descricao`,`tipoMovimentacao`,`valor`,`categoria_id`,`conta_id`) VALUES (642,'2012-06-03','Luz','SAIDA',116.50,2,4);
INSERT INTO `movimentacoes` (`id`,`data`,`descricao`,`tipoMovimentacao`,`valor`,`categoria_id`,`conta_id`) VALUES (643,'2012-06-03',NULL,'SAIDA',1.50,2,4);
INSERT INTO `movimentacoes` (`id`,`data`,`descricao`,`tipoMovimentacao`,`valor`,`categoria_id`,`conta_id`) VALUES (644,'2012-06-03','Prestação Casa','SAIDA',611.32,2,4);
INSERT INTO `movimentacoes` (`id`,`data`,`descricao`,`tipoMovimentacao`,`valor`,`categoria_id`,`conta_id`) VALUES (645,'2012-06-03','Condomínio','SAIDA',222.60,2,4);
INSERT INTO `movimentacoes` (`id`,`data`,`descricao`,`tipoMovimentacao`,`valor`,`categoria_id`,`conta_id`) VALUES (646,'2012-06-04','TV por assinatura','SAIDA',152.70,2,4);
INSERT INTO `movimentacoes` (`id`,`data`,`descricao`,`tipoMovimentacao`,`valor`,`categoria_id`,`conta_id`) VALUES (647,'2012-06-04','Telefone fixo','SAIDA',52.23,2,4);
INSERT INTO `movimentacoes` (`id`,`data`,`descricao`,`tipoMovimentacao`,`valor`,`categoria_id`,`conta_id`) VALUES (648,'2012-06-08','Prestação Carro','SAIDA',234.00,7,4);
INSERT INTO `movimentacoes` (`id`,`data`,`descricao`,`tipoMovimentacao`,`valor`,`categoria_id`,`conta_id`) VALUES (649,'2012-06-08','Metro','SAIDA',73.80,5,4);
INSERT INTO `movimentacoes` (`id`,`data`,`descricao`,`tipoMovimentacao`,`valor`,`categoria_id`,`conta_id`) VALUES (650,'2012-06-08','Plano de saúde','SAIDA',66.70,4,4);
INSERT INTO `movimentacoes` (`id`,`data`,`descricao`,`tipoMovimentacao`,`valor`,`categoria_id`,`conta_id`) VALUES (651,'2012-06-08','Medicamentos','SAIDA',142.89,4,4);
INSERT INTO `movimentacoes` (`id`,`data`,`descricao`,`tipoMovimentacao`,`valor`,`categoria_id`,`conta_id`) VALUES (652,'2012-06-22','Prestação da casa','SAIDA',244.40,2,4);
INSERT INTO `movimentacoes` (`id`,`data`,`descricao`,`tipoMovimentacao`,`valor`,`categoria_id`,`conta_id`) VALUES (653,'2012-06-22','Restaurante','SAIDA',93.90,6,4);
INSERT INTO `movimentacoes` (`id`,`data`,`descricao`,`tipoMovimentacao`,`valor`,`categoria_id`,`conta_id`) VALUES (654,'2012-06-26','Escola','SAIDA',466.80,2,4);
INSERT INTO `movimentacoes` (`id`,`data`,`descricao`,`tipoMovimentacao`,`valor`,`categoria_id`,`conta_id`) VALUES (655,'2012-07-01','Salário mensal','ENTRADA',2192.60,1,4);
INSERT INTO `movimentacoes` (`id`,`data`,`descricao`,`tipoMovimentacao`,`valor`,`categoria_id`,`conta_id`) VALUES (656,'2012-07-03','Supermercado','SAIDA',351.40,2,4);
INSERT INTO `movimentacoes` (`id`,`data`,`descricao`,`tipoMovimentacao`,`valor`,`categoria_id`,`conta_id`) VALUES (657,'2012-07-03','Luz','SAIDA',98.50,2,4);
INSERT INTO `movimentacoes` (`id`,`data`,`descricao`,`tipoMovimentacao`,`valor`,`categoria_id`,`conta_id`) VALUES (658,'2012-07-03',NULL,'SAIDA',16.50,2,4);
INSERT INTO `movimentacoes` (`id`,`data`,`descricao`,`tipoMovimentacao`,`valor`,`categoria_id`,`conta_id`) VALUES (659,'2012-07-03','Prestação Casa','SAIDA',419.32,2,4);
INSERT INTO `movimentacoes` (`id`,`data`,`descricao`,`tipoMovimentacao`,`valor`,`categoria_id`,`conta_id`) VALUES (660,'2012-07-03','Condomínio','SAIDA',222.60,2,4);
INSERT INTO `movimentacoes` (`id`,`data`,`descricao`,`tipoMovimentacao`,`valor`,`categoria_id`,`conta_id`) VALUES (661,'2012-07-04','TV por assinatura','SAIDA',166.70,2,4);
INSERT INTO `movimentacoes` (`id`,`data`,`descricao`,`tipoMovimentacao`,`valor`,`categoria_id`,`conta_id`) VALUES (662,'2012-07-04','Telefone fixo','SAIDA',70.23,2,4);
INSERT INTO `movimentacoes` (`id`,`data`,`descricao`,`tipoMovimentacao`,`valor`,`categoria_id`,`conta_id`) VALUES (663,'2012-07-08','Prestação Carro','SAIDA',230.00,7,4);
INSERT INTO `movimentacoes` (`id`,`data`,`descricao`,`tipoMovimentacao`,`valor`,`categoria_id`,`conta_id`) VALUES (664,'2012-07-08','Metro','SAIDA',59.80,5,4);
INSERT INTO `movimentacoes` (`id`,`data`,`descricao`,`tipoMovimentacao`,`valor`,`categoria_id`,`conta_id`) VALUES (665,'2012-07-08','Plano de saúde','SAIDA',46.70,4,4);
INSERT INTO `movimentacoes` (`id`,`data`,`descricao`,`tipoMovimentacao`,`valor`,`categoria_id`,`conta_id`) VALUES (666,'2012-07-08','Medicamentos','SAIDA',124.89,4,4);
INSERT INTO `movimentacoes` (`id`,`data`,`descricao`,`tipoMovimentacao`,`valor`,`categoria_id`,`conta_id`) VALUES (667,'2012-07-22','Prestação da casa','SAIDA',226.40,2,4);
INSERT INTO `movimentacoes` (`id`,`data`,`descricao`,`tipoMovimentacao`,`valor`,`categoria_id`,`conta_id`) VALUES (668,'2012-07-22','Restaurante','SAIDA',97.90,6,4);
INSERT INTO `movimentacoes` (`id`,`data`,`descricao`,`tipoMovimentacao`,`valor`,`categoria_id`,`conta_id`) VALUES (669,'2012-07-26','Escola','SAIDA',466.80,2,4);
INSERT INTO `movimentacoes` (`id`,`data`,`descricao`,`tipoMovimentacao`,`valor`,`categoria_id`,`conta_id`) VALUES (670,'2012-08-01','Salário mensal','ENTRADA',2398.60,1,4);
INSERT INTO `movimentacoes` (`id`,`data`,`descricao`,`tipoMovimentacao`,`valor`,`categoria_id`,`conta_id`) VALUES (671,'2012-08-03','Supermercado','SAIDA',345.40,2,4);
INSERT INTO `movimentacoes` (`id`,`data`,`descricao`,`tipoMovimentacao`,`valor`,`categoria_id`,`conta_id`) VALUES (672,'2012-08-03','Luz','SAIDA',114.50,2,4);
INSERT INTO `movimentacoes` (`id`,`data`,`descricao`,`tipoMovimentacao`,`valor`,`categoria_id`,`conta_id`) VALUES (673,'2012-08-03',NULL,'SAIDA',1.50,2,4);
INSERT INTO `movimentacoes` (`id`,`data`,`descricao`,`tipoMovimentacao`,`valor`,`categoria_id`,`conta_id`) VALUES (674,'2012-08-03','Prestação Casa','SAIDA',65.32,2,4);
INSERT INTO `movimentacoes` (`id`,`data`,`descricao`,`tipoMovimentacao`,`valor`,`categoria_id`,`conta_id`) VALUES (675,'2012-08-03','Condomínio','SAIDA',222.60,2,4);
INSERT INTO `movimentacoes` (`id`,`data`,`descricao`,`tipoMovimentacao`,`valor`,`categoria_id`,`conta_id`) VALUES (676,'2012-08-04','TV por assinatura','SAIDA',170.70,2,4);
INSERT INTO `movimentacoes` (`id`,`data`,`descricao`,`tipoMovimentacao`,`valor`,`categoria_id`,`conta_id`) VALUES (677,'2012-08-04','Telefone fixo','SAIDA',52.23,2,4);
INSERT INTO `movimentacoes` (`id`,`data`,`descricao`,`tipoMovimentacao`,`valor`,`categoria_id`,`conta_id`) VALUES (678,'2012-08-08','Prestação Carro','SAIDA',232.00,7,4);
INSERT INTO `movimentacoes` (`id`,`data`,`descricao`,`tipoMovimentacao`,`valor`,`categoria_id`,`conta_id`) VALUES (679,'2012-08-08','Metro','SAIDA',77.80,5,4);
INSERT INTO `movimentacoes` (`id`,`data`,`descricao`,`tipoMovimentacao`,`valor`,`categoria_id`,`conta_id`) VALUES (680,'2012-08-08','Plano de saúde','SAIDA',60.70,4,4);
INSERT INTO `movimentacoes` (`id`,`data`,`descricao`,`tipoMovimentacao`,`valor`,`categoria_id`,`conta_id`) VALUES (681,'2012-08-08','Medicamentos','SAIDA',124.89,4,4);
INSERT INTO `movimentacoes` (`id`,`data`,`descricao`,`tipoMovimentacao`,`valor`,`categoria_id`,`conta_id`) VALUES (682,'2012-08-22','Prestação da casa','SAIDA',242.40,2,4);
INSERT INTO `movimentacoes` (`id`,`data`,`descricao`,`tipoMovimentacao`,`valor`,`categoria_id`,`conta_id`) VALUES (683,'2012-08-22','Restaurante','SAIDA',89.90,6,4);
INSERT INTO `movimentacoes` (`id`,`data`,`descricao`,`tipoMovimentacao`,`valor`,`categoria_id`,`conta_id`) VALUES (684,'2012-08-26','Escola','SAIDA',474.80,2,4);
INSERT INTO `movimentacoes` (`id`,`data`,`descricao`,`tipoMovimentacao`,`valor`,`categoria_id`,`conta_id`) VALUES (685,'2012-09-01','Salário mensal','ENTRADA',2166.60,1,4);
INSERT INTO `movimentacoes` (`id`,`data`,`descricao`,`tipoMovimentacao`,`valor`,`categoria_id`,`conta_id`) VALUES (686,'2012-09-03','Supermercado','SAIDA',353.40,2,4);
INSERT INTO `movimentacoes` (`id`,`data`,`descricao`,`tipoMovimentacao`,`valor`,`categoria_id`,`conta_id`) VALUES (687,'2012-09-03','Luz','SAIDA',114.50,2,4);
INSERT INTO `movimentacoes` (`id`,`data`,`descricao`,`tipoMovimentacao`,`valor`,`categoria_id`,`conta_id`) VALUES (688,'2012-09-03',NULL,'SAIDA',14.50,2,4);
INSERT INTO `movimentacoes` (`id`,`data`,`descricao`,`tipoMovimentacao`,`valor`,`categoria_id`,`conta_id`) VALUES (689,'2012-09-03','Prestação Casa','SAIDA',65.32,2,4);
INSERT INTO `movimentacoes` (`id`,`data`,`descricao`,`tipoMovimentacao`,`valor`,`categoria_id`,`conta_id`) VALUES (690,'2012-09-03','Condomínio','SAIDA',222.60,2,4);
INSERT INTO `movimentacoes` (`id`,`data`,`descricao`,`tipoMovimentacao`,`valor`,`categoria_id`,`conta_id`) VALUES (691,'2012-09-04','TV por assinatura','SAIDA',152.70,2,4);
INSERT INTO `movimentacoes` (`id`,`data`,`descricao`,`tipoMovimentacao`,`valor`,`categoria_id`,`conta_id`) VALUES (692,'2012-09-04','Telefone fixo','SAIDA',52.23,2,4);
INSERT INTO `movimentacoes` (`id`,`data`,`descricao`,`tipoMovimentacao`,`valor`,`categoria_id`,`conta_id`) VALUES (693,'2012-09-08','Prestação Carro','SAIDA',226.00,7,4);
INSERT INTO `movimentacoes` (`id`,`data`,`descricao`,`tipoMovimentacao`,`valor`,`categoria_id`,`conta_id`) VALUES (694,'2012-09-08','Metro','SAIDA',71.80,5,4);
INSERT INTO `movimentacoes` (`id`,`data`,`descricao`,`tipoMovimentacao`,`valor`,`categoria_id`,`conta_id`) VALUES (695,'2012-09-08','Plano de saúde','SAIDA',46.70,4,4);
INSERT INTO `movimentacoes` (`id`,`data`,`descricao`,`tipoMovimentacao`,`valor`,`categoria_id`,`conta_id`) VALUES (696,'2012-09-08','Medicamentos','SAIDA',144.89,4,4);
INSERT INTO `movimentacoes` (`id`,`data`,`descricao`,`tipoMovimentacao`,`valor`,`categoria_id`,`conta_id`) VALUES (697,'2012-09-22','Prestação da casa','SAIDA',246.40,2,4);
INSERT INTO `movimentacoes` (`id`,`data`,`descricao`,`tipoMovimentacao`,`valor`,`categoria_id`,`conta_id`) VALUES (698,'2012-09-22','Restaurante','SAIDA',95.90,6,4);
INSERT INTO `movimentacoes` (`id`,`data`,`descricao`,`tipoMovimentacao`,`valor`,`categoria_id`,`conta_id`) VALUES (699,'2012-09-26','Escola','SAIDA',476.80,2,4);
INSERT INTO `movimentacoes` (`id`,`data`,`descricao`,`tipoMovimentacao`,`valor`,`categoria_id`,`conta_id`) VALUES (700,'2012-10-01','Salário mensal','ENTRADA',2322.60,1,4);
INSERT INTO `movimentacoes` (`id`,`data`,`descricao`,`tipoMovimentacao`,`valor`,`categoria_id`,`conta_id`) VALUES (701,'2012-10-03','Supermercado','SAIDA',353.40,2,4);
INSERT INTO `movimentacoes` (`id`,`data`,`descricao`,`tipoMovimentacao`,`valor`,`categoria_id`,`conta_id`) VALUES (702,'2012-10-03','Luz','SAIDA',98.50,2,4);
INSERT INTO `movimentacoes` (`id`,`data`,`descricao`,`tipoMovimentacao`,`valor`,`categoria_id`,`conta_id`) VALUES (703,'2012-10-03',NULL,'SAIDA',1.50,2,4);
INSERT INTO `movimentacoes` (`id`,`data`,`descricao`,`tipoMovimentacao`,`valor`,`categoria_id`,`conta_id`) VALUES (704,'2012-10-03','Prestação Casa','SAIDA',65.32,2,4);
INSERT INTO `movimentacoes` (`id`,`data`,`descricao`,`tipoMovimentacao`,`valor`,`categoria_id`,`conta_id`) VALUES (705,'2012-10-03','Condomínio','SAIDA',236.60,2,4);
INSERT INTO `movimentacoes` (`id`,`data`,`descricao`,`tipoMovimentacao`,`valor`,`categoria_id`,`conta_id`) VALUES (706,'2012-10-04','TV por assinatura','SAIDA',152.70,2,4);
INSERT INTO `movimentacoes` (`id`,`data`,`descricao`,`tipoMovimentacao`,`valor`,`categoria_id`,`conta_id`) VALUES (707,'2012-10-04','Telefone fixo','SAIDA',70.23,2,4);
INSERT INTO `movimentacoes` (`id`,`data`,`descricao`,`tipoMovimentacao`,`valor`,`categoria_id`,`conta_id`) VALUES (708,'2012-10-08','Prestação Carro','SAIDA',230.00,7,4);
INSERT INTO `movimentacoes` (`id`,`data`,`descricao`,`tipoMovimentacao`,`valor`,`categoria_id`,`conta_id`) VALUES (709,'2012-10-08','Metro','SAIDA',73.80,5,4);
INSERT INTO `movimentacoes` (`id`,`data`,`descricao`,`tipoMovimentacao`,`valor`,`categoria_id`,`conta_id`) VALUES (710,'2012-10-08','Plano de saúde','SAIDA',46.70,4,4);
INSERT INTO `movimentacoes` (`id`,`data`,`descricao`,`tipoMovimentacao`,`valor`,`categoria_id`,`conta_id`) VALUES (711,'2012-10-08','Medicamentos','SAIDA',142.89,4,4);
INSERT INTO `movimentacoes` (`id`,`data`,`descricao`,`tipoMovimentacao`,`valor`,`categoria_id`,`conta_id`) VALUES (712,'2012-10-22','Prestação da casa','SAIDA',226.40,2,4);
INSERT INTO `movimentacoes` (`id`,`data`,`descricao`,`tipoMovimentacao`,`valor`,`categoria_id`,`conta_id`) VALUES (713,'2012-10-22','Restaurante','SAIDA',79.90,6,4);
INSERT INTO `movimentacoes` (`id`,`data`,`descricao`,`tipoMovimentacao`,`valor`,`categoria_id`,`conta_id`) VALUES (714,'2012-10-26','Escola','SAIDA',456.80,2,4);
INSERT INTO `movimentacoes` (`id`,`data`,`descricao`,`tipoMovimentacao`,`valor`,`categoria_id`,`conta_id`) VALUES (715,'2012-11-01','Salário mensal','ENTRADA',2186.60,1,4);
INSERT INTO `movimentacoes` (`id`,`data`,`descricao`,`tipoMovimentacao`,`valor`,`categoria_id`,`conta_id`) VALUES (716,'2012-11-03','Supermercado','SAIDA',335.40,2,4);
INSERT INTO `movimentacoes` (`id`,`data`,`descricao`,`tipoMovimentacao`,`valor`,`categoria_id`,`conta_id`) VALUES (717,'2012-11-03','Luz','SAIDA',98.50,2,4);
INSERT INTO `movimentacoes` (`id`,`data`,`descricao`,`tipoMovimentacao`,`valor`,`categoria_id`,`conta_id`) VALUES (718,'2012-11-03',NULL,'SAIDA',12.50,2,4);
INSERT INTO `movimentacoes` (`id`,`data`,`descricao`,`tipoMovimentacao`,`valor`,`categoria_id`,`conta_id`) VALUES (719,'2012-11-03','Prestação Casa','SAIDA',65.32,2,4);
INSERT INTO `movimentacoes` (`id`,`data`,`descricao`,`tipoMovimentacao`,`valor`,`categoria_id`,`conta_id`) VALUES (720,'2012-11-03','Condomínio','SAIDA',222.60,2,4);
INSERT INTO `movimentacoes` (`id`,`data`,`descricao`,`tipoMovimentacao`,`valor`,`categoria_id`,`conta_id`) VALUES (721,'2012-11-04','TV por assinatura','SAIDA',166.70,2,4);
INSERT INTO `movimentacoes` (`id`,`data`,`descricao`,`tipoMovimentacao`,`valor`,`categoria_id`,`conta_id`) VALUES (722,'2012-11-04','Telefone fixo','SAIDA',52.23,2,4);
INSERT INTO `movimentacoes` (`id`,`data`,`descricao`,`tipoMovimentacao`,`valor`,`categoria_id`,`conta_id`) VALUES (723,'2012-11-08','Prestação Carro','SAIDA',216.00,7,4);
INSERT INTO `movimentacoes` (`id`,`data`,`descricao`,`tipoMovimentacao`,`valor`,`categoria_id`,`conta_id`) VALUES (724,'2012-11-08','Metro','SAIDA',59.80,5,4);
INSERT INTO `movimentacoes` (`id`,`data`,`descricao`,`tipoMovimentacao`,`valor`,`categoria_id`,`conta_id`) VALUES (725,'2012-11-08','Plano de saúde','SAIDA',46.70,4,4);
INSERT INTO `movimentacoes` (`id`,`data`,`descricao`,`tipoMovimentacao`,`valor`,`categoria_id`,`conta_id`) VALUES (726,'2012-11-08','Medicamentos','SAIDA',140.89,4,4);
INSERT INTO `movimentacoes` (`id`,`data`,`descricao`,`tipoMovimentacao`,`valor`,`categoria_id`,`conta_id`) VALUES (727,'2012-11-22','Prestação da casa','SAIDA',226.40,2,4);
INSERT INTO `movimentacoes` (`id`,`data`,`descricao`,`tipoMovimentacao`,`valor`,`categoria_id`,`conta_id`) VALUES (728,'2012-11-22','Restaurante','SAIDA',79.90,6,4);
INSERT INTO `movimentacoes` (`id`,`data`,`descricao`,`tipoMovimentacao`,`valor`,`categoria_id`,`conta_id`) VALUES (729,'2012-11-26','Escola','SAIDA',468.80,2,4);
INSERT INTO `movimentacoes` (`id`,`data`,`descricao`,`tipoMovimentacao`,`valor`,`categoria_id`,`conta_id`) VALUES (730,'2012-12-01','Salário mensal','ENTRADA',1836.60,1,4);
INSERT INTO `movimentacoes` (`id`,`data`,`descricao`,`tipoMovimentacao`,`valor`,`categoria_id`,`conta_id`) VALUES (731,'2012-12-03','Supermercado','SAIDA',335.40,2,4);
INSERT INTO `movimentacoes` (`id`,`data`,`descricao`,`tipoMovimentacao`,`valor`,`categoria_id`,`conta_id`) VALUES (732,'2012-12-03','Luz','SAIDA',114.50,2,4);
INSERT INTO `movimentacoes` (`id`,`data`,`descricao`,`tipoMovimentacao`,`valor`,`categoria_id`,`conta_id`) VALUES (733,'2012-12-03',NULL,'SAIDA',18.50,2,4);
INSERT INTO `movimentacoes` (`id`,`data`,`descricao`,`tipoMovimentacao`,`valor`,`categoria_id`,`conta_id`) VALUES (734,'2012-12-03','Prestação Casa','SAIDA',65.32,2,4);
INSERT INTO `movimentacoes` (`id`,`data`,`descricao`,`tipoMovimentacao`,`valor`,`categoria_id`,`conta_id`) VALUES (735,'2012-12-03','Condomínio','SAIDA',242.60,2,4);
INSERT INTO `movimentacoes` (`id`,`data`,`descricao`,`tipoMovimentacao`,`valor`,`categoria_id`,`conta_id`) VALUES (736,'2012-12-04','TV por assinatura','SAIDA',152.70,2,4);
INSERT INTO `movimentacoes` (`id`,`data`,`descricao`,`tipoMovimentacao`,`valor`,`categoria_id`,`conta_id`) VALUES (737,'2012-12-04','Telefone fixo','SAIDA',66.23,2,4);
INSERT INTO `movimentacoes` (`id`,`data`,`descricao`,`tipoMovimentacao`,`valor`,`categoria_id`,`conta_id`) VALUES (738,'2012-12-08','Prestação Carro','SAIDA',234.00,7,4);
INSERT INTO `movimentacoes` (`id`,`data`,`descricao`,`tipoMovimentacao`,`valor`,`categoria_id`,`conta_id`) VALUES (739,'2012-12-08','Metro','SAIDA',59.80,5,4);
INSERT INTO `movimentacoes` (`id`,`data`,`descricao`,`tipoMovimentacao`,`valor`,`categoria_id`,`conta_id`) VALUES (740,'2012-12-08','Plano de saúde','SAIDA',46.70,4,4);
INSERT INTO `movimentacoes` (`id`,`data`,`descricao`,`tipoMovimentacao`,`valor`,`categoria_id`,`conta_id`) VALUES (741,'2012-12-08','Medicamentos','SAIDA',124.89,4,4);
INSERT INTO `movimentacoes` (`id`,`data`,`descricao`,`tipoMovimentacao`,`valor`,`categoria_id`,`conta_id`) VALUES (742,'2012-12-22','Prestação da casa','SAIDA',242.40,2,4);
INSERT INTO `movimentacoes` (`id`,`data`,`descricao`,`tipoMovimentacao`,`valor`,`categoria_id`,`conta_id`) VALUES (743,'2012-12-22','Restaurante','SAIDA',91.90,6,4);
INSERT INTO `movimentacoes` (`id`,`data`,`descricao`,`tipoMovimentacao`,`valor`,`categoria_id`,`conta_id`) VALUES (744,'2012-12-26','Escola','SAIDA',470.80,2,4);
INSERT INTO `movimentacoes` (`id`,`data`,`descricao`,`tipoMovimentacao`,`valor`,`categoria_id`,`conta_id`) VALUES (745,'2012-01-01','Aposentodaria','ENTRADA',1420.60,1,5);
INSERT INTO `movimentacoes` (`id`,`data`,`descricao`,`tipoMovimentacao`,`valor`,`categoria_id`,`conta_id`) VALUES (746,'2012-01-03','Supermercado','SAIDA',335.40,2,5);
INSERT INTO `movimentacoes` (`id`,`data`,`descricao`,`tipoMovimentacao`,`valor`,`categoria_id`,`conta_id`) VALUES (747,'2012-01-03','Luz','SAIDA',98.50,2,5);
INSERT INTO `movimentacoes` (`id`,`data`,`descricao`,`tipoMovimentacao`,`valor`,`categoria_id`,`conta_id`) VALUES (748,'2012-01-03',NULL,'SAIDA',1.50,2,5);
INSERT INTO `movimentacoes` (`id`,`data`,`descricao`,`tipoMovimentacao`,`valor`,`categoria_id`,`conta_id`) VALUES (749,'2012-01-03','Aluguel','SAIDA',69.10,2,5);
INSERT INTO `movimentacoes` (`id`,`data`,`descricao`,`tipoMovimentacao`,`valor`,`categoria_id`,`conta_id`) VALUES (750,'2012-01-03','Condomínio','SAIDA',240.60,2,5);
INSERT INTO `movimentacoes` (`id`,`data`,`descricao`,`tipoMovimentacao`,`valor`,`categoria_id`,`conta_id`) VALUES (751,'2012-01-04','TV por assinatura','SAIDA',152.70,2,5);
INSERT INTO `movimentacoes` (`id`,`data`,`descricao`,`tipoMovimentacao`,`valor`,`categoria_id`,`conta_id`) VALUES (752,'2012-01-04','Telefone fixo','SAIDA',70.23,2,5);
INSERT INTO `movimentacoes` (`id`,`data`,`descricao`,`tipoMovimentacao`,`valor`,`categoria_id`,`conta_id`) VALUES (753,'2012-01-08','Prestação Carro','SAIDA',216.00,7,5);
INSERT INTO `movimentacoes` (`id`,`data`,`descricao`,`tipoMovimentacao`,`valor`,`categoria_id`,`conta_id`) VALUES (754,'2012-01-08','Onibus','SAIDA',59.80,5,5);
INSERT INTO `movimentacoes` (`id`,`data`,`descricao`,`tipoMovimentacao`,`valor`,`categoria_id`,`conta_id`) VALUES (755,'2012-01-08','Plano de saúde','SAIDA',64.70,4,5);
INSERT INTO `movimentacoes` (`id`,`data`,`descricao`,`tipoMovimentacao`,`valor`,`categoria_id`,`conta_id`) VALUES (756,'2012-01-08','Medicamentos','SAIDA',124.89,4,5);
INSERT INTO `movimentacoes` (`id`,`data`,`descricao`,`tipoMovimentacao`,`valor`,`categoria_id`,`conta_id`) VALUES (757,'2012-01-22','Prestação da casa','SAIDA',242.40,2,5);
INSERT INTO `movimentacoes` (`id`,`data`,`descricao`,`tipoMovimentacao`,`valor`,`categoria_id`,`conta_id`) VALUES (758,'2012-01-22','Restaurante','SAIDA',97.90,6,5);
INSERT INTO `movimentacoes` (`id`,`data`,`descricao`,`tipoMovimentacao`,`valor`,`categoria_id`,`conta_id`) VALUES (759,'2012-01-22','Celular','SAIDA',55.60,6,5);
INSERT INTO `movimentacoes` (`id`,`data`,`descricao`,`tipoMovimentacao`,`valor`,`categoria_id`,`conta_id`) VALUES (760,'2012-01-26','Creche','SAIDA',354.30,2,5);
INSERT INTO `movimentacoes` (`id`,`data`,`descricao`,`tipoMovimentacao`,`valor`,`categoria_id`,`conta_id`) VALUES (761,'2012-02-01','Aposentodaria','ENTRADA',1328.60,1,5);
INSERT INTO `movimentacoes` (`id`,`data`,`descricao`,`tipoMovimentacao`,`valor`,`categoria_id`,`conta_id`) VALUES (762,'2012-02-03','Supermercado','SAIDA',335.40,2,5);
INSERT INTO `movimentacoes` (`id`,`data`,`descricao`,`tipoMovimentacao`,`valor`,`categoria_id`,`conta_id`) VALUES (763,'2012-02-03','Luz','SAIDA',112.50,2,5);
INSERT INTO `movimentacoes` (`id`,`data`,`descricao`,`tipoMovimentacao`,`valor`,`categoria_id`,`conta_id`) VALUES (764,'2012-02-03',NULL,'SAIDA',1.50,2,5);
INSERT INTO `movimentacoes` (`id`,`data`,`descricao`,`tipoMovimentacao`,`valor`,`categoria_id`,`conta_id`) VALUES (765,'2012-02-03','Aluguel','SAIDA',597.10,2,5);
INSERT INTO `movimentacoes` (`id`,`data`,`descricao`,`tipoMovimentacao`,`valor`,`categoria_id`,`conta_id`) VALUES (766,'2012-02-03','Condomínio','SAIDA',222.60,2,5);
INSERT INTO `movimentacoes` (`id`,`data`,`descricao`,`tipoMovimentacao`,`valor`,`categoria_id`,`conta_id`) VALUES (767,'2012-02-04','TV por assinatura','SAIDA',152.70,2,5);
INSERT INTO `movimentacoes` (`id`,`data`,`descricao`,`tipoMovimentacao`,`valor`,`categoria_id`,`conta_id`) VALUES (768,'2012-02-04','Telefone fixo','SAIDA',52.23,2,5);
INSERT INTO `movimentacoes` (`id`,`data`,`descricao`,`tipoMovimentacao`,`valor`,`categoria_id`,`conta_id`) VALUES (769,'2012-02-08','Prestação Carro','SAIDA',232.00,7,5);
INSERT INTO `movimentacoes` (`id`,`data`,`descricao`,`tipoMovimentacao`,`valor`,`categoria_id`,`conta_id`) VALUES (770,'2012-02-08','Onibus','SAIDA',59.80,5,5);
INSERT INTO `movimentacoes` (`id`,`data`,`descricao`,`tipoMovimentacao`,`valor`,`categoria_id`,`conta_id`) VALUES (771,'2012-02-08','Plano de saúde','SAIDA',58.70,4,5);
INSERT INTO `movimentacoes` (`id`,`data`,`descricao`,`tipoMovimentacao`,`valor`,`categoria_id`,`conta_id`) VALUES (772,'2012-02-08','Medicamentos','SAIDA',140.89,4,5);
INSERT INTO `movimentacoes` (`id`,`data`,`descricao`,`tipoMovimentacao`,`valor`,`categoria_id`,`conta_id`) VALUES (773,'2012-02-22','Prestação da casa','SAIDA',226.40,2,5);
INSERT INTO `movimentacoes` (`id`,`data`,`descricao`,`tipoMovimentacao`,`valor`,`categoria_id`,`conta_id`) VALUES (774,'2012-02-22','Restaurante','SAIDA',79.90,6,5);
INSERT INTO `movimentacoes` (`id`,`data`,`descricao`,`tipoMovimentacao`,`valor`,`categoria_id`,`conta_id`) VALUES (775,'2012-02-22','Celular','SAIDA',73.60,6,5);
INSERT INTO `movimentacoes` (`id`,`data`,`descricao`,`tipoMovimentacao`,`valor`,`categoria_id`,`conta_id`) VALUES (776,'2012-02-26','Creche','SAIDA',336.30,2,5);
INSERT INTO `movimentacoes` (`id`,`data`,`descricao`,`tipoMovimentacao`,`valor`,`categoria_id`,`conta_id`) VALUES (777,'2012-03-01','Aposentodaria','ENTRADA',736.60,1,5);
INSERT INTO `movimentacoes` (`id`,`data`,`descricao`,`tipoMovimentacao`,`valor`,`categoria_id`,`conta_id`) VALUES (778,'2012-03-03','Supermercado','SAIDA',335.40,2,5);
INSERT INTO `movimentacoes` (`id`,`data`,`descricao`,`tipoMovimentacao`,`valor`,`categoria_id`,`conta_id`) VALUES (779,'2012-03-03','Luz','SAIDA',98.50,2,5);
INSERT INTO `movimentacoes` (`id`,`data`,`descricao`,`tipoMovimentacao`,`valor`,`categoria_id`,`conta_id`) VALUES (780,'2012-03-03',NULL,'SAIDA',14.50,2,5);
INSERT INTO `movimentacoes` (`id`,`data`,`descricao`,`tipoMovimentacao`,`valor`,`categoria_id`,`conta_id`) VALUES (781,'2012-03-03','Aluguel','SAIDA',729.10,2,5);
INSERT INTO `movimentacoes` (`id`,`data`,`descricao`,`tipoMovimentacao`,`valor`,`categoria_id`,`conta_id`) VALUES (782,'2012-03-03','Condomínio','SAIDA',232.60,2,5);
INSERT INTO `movimentacoes` (`id`,`data`,`descricao`,`tipoMovimentacao`,`valor`,`categoria_id`,`conta_id`) VALUES (783,'2012-03-04','TV por assinatura','SAIDA',170.70,2,5);
INSERT INTO `movimentacoes` (`id`,`data`,`descricao`,`tipoMovimentacao`,`valor`,`categoria_id`,`conta_id`) VALUES (784,'2012-03-04','Telefone fixo','SAIDA',64.23,2,5);
INSERT INTO `movimentacoes` (`id`,`data`,`descricao`,`tipoMovimentacao`,`valor`,`categoria_id`,`conta_id`) VALUES (785,'2012-03-08','Prestação Carro','SAIDA',216.00,7,5);
INSERT INTO `movimentacoes` (`id`,`data`,`descricao`,`tipoMovimentacao`,`valor`,`categoria_id`,`conta_id`) VALUES (786,'2012-03-08','Onibus','SAIDA',73.80,5,5);
INSERT INTO `movimentacoes` (`id`,`data`,`descricao`,`tipoMovimentacao`,`valor`,`categoria_id`,`conta_id`) VALUES (787,'2012-03-08','Plano de saúde','SAIDA',60.70,4,5);
INSERT INTO `movimentacoes` (`id`,`data`,`descricao`,`tipoMovimentacao`,`valor`,`categoria_id`,`conta_id`) VALUES (788,'2012-03-08','Medicamentos','SAIDA',140.89,4,5);
INSERT INTO `movimentacoes` (`id`,`data`,`descricao`,`tipoMovimentacao`,`valor`,`categoria_id`,`conta_id`) VALUES (789,'2012-03-22','Prestação da casa','SAIDA',226.40,2,5);
INSERT INTO `movimentacoes` (`id`,`data`,`descricao`,`tipoMovimentacao`,`valor`,`categoria_id`,`conta_id`) VALUES (790,'2012-03-22','Restaurante','SAIDA',89.90,6,5);
INSERT INTO `movimentacoes` (`id`,`data`,`descricao`,`tipoMovimentacao`,`valor`,`categoria_id`,`conta_id`) VALUES (791,'2012-03-22','Celular','SAIDA',55.60,6,5);
INSERT INTO `movimentacoes` (`id`,`data`,`descricao`,`tipoMovimentacao`,`valor`,`categoria_id`,`conta_id`) VALUES (792,'2012-03-26','Creche','SAIDA',336.30,2,5);
INSERT INTO `movimentacoes` (`id`,`data`,`descricao`,`tipoMovimentacao`,`valor`,`categoria_id`,`conta_id`) VALUES (793,'2012-04-01','Aposentodaria','ENTRADA',1188.60,1,5);
INSERT INTO `movimentacoes` (`id`,`data`,`descricao`,`tipoMovimentacao`,`valor`,`categoria_id`,`conta_id`) VALUES (794,'2012-04-03','Supermercado','SAIDA',355.40,2,5);
INSERT INTO `movimentacoes` (`id`,`data`,`descricao`,`tipoMovimentacao`,`valor`,`categoria_id`,`conta_id`) VALUES (795,'2012-04-03','Luz','SAIDA',112.50,2,5);
INSERT INTO `movimentacoes` (`id`,`data`,`descricao`,`tipoMovimentacao`,`valor`,`categoria_id`,`conta_id`) VALUES (796,'2012-04-03',NULL,'SAIDA',18.50,2,5);
INSERT INTO `movimentacoes` (`id`,`data`,`descricao`,`tipoMovimentacao`,`valor`,`categoria_id`,`conta_id`) VALUES (797,'2012-04-03','Aluguel','SAIDA',69.10,2,5);
INSERT INTO `movimentacoes` (`id`,`data`,`descricao`,`tipoMovimentacao`,`valor`,`categoria_id`,`conta_id`) VALUES (798,'2012-04-03','Condomínio','SAIDA',222.60,2,5);
INSERT INTO `movimentacoes` (`id`,`data`,`descricao`,`tipoMovimentacao`,`valor`,`categoria_id`,`conta_id`) VALUES (799,'2012-04-04','TV por assinatura','SAIDA',162.70,2,5);
INSERT INTO `movimentacoes` (`id`,`data`,`descricao`,`tipoMovimentacao`,`valor`,`categoria_id`,`conta_id`) VALUES (800,'2012-04-04','Telefone fixo','SAIDA',66.23,2,5);
INSERT INTO `movimentacoes` (`id`,`data`,`descricao`,`tipoMovimentacao`,`valor`,`categoria_id`,`conta_id`) VALUES (801,'2012-04-08','Prestação Carro','SAIDA',216.00,7,5);
INSERT INTO `movimentacoes` (`id`,`data`,`descricao`,`tipoMovimentacao`,`valor`,`categoria_id`,`conta_id`) VALUES (802,'2012-04-08','Onibus','SAIDA',59.80,5,5);
INSERT INTO `movimentacoes` (`id`,`data`,`descricao`,`tipoMovimentacao`,`valor`,`categoria_id`,`conta_id`) VALUES (803,'2012-04-08','Plano de saúde','SAIDA',46.70,4,5);
INSERT INTO `movimentacoes` (`id`,`data`,`descricao`,`tipoMovimentacao`,`valor`,`categoria_id`,`conta_id`) VALUES (804,'2012-04-08','Medicamentos','SAIDA',138.89,4,5);
INSERT INTO `movimentacoes` (`id`,`data`,`descricao`,`tipoMovimentacao`,`valor`,`categoria_id`,`conta_id`) VALUES (805,'2012-04-22','Prestação da casa','SAIDA',238.40,2,5);
INSERT INTO `movimentacoes` (`id`,`data`,`descricao`,`tipoMovimentacao`,`valor`,`categoria_id`,`conta_id`) VALUES (806,'2012-04-22','Restaurante','SAIDA',99.90,6,5);
INSERT INTO `movimentacoes` (`id`,`data`,`descricao`,`tipoMovimentacao`,`valor`,`categoria_id`,`conta_id`) VALUES (807,'2012-04-22','Celular','SAIDA',71.60,6,5);
INSERT INTO `movimentacoes` (`id`,`data`,`descricao`,`tipoMovimentacao`,`valor`,`categoria_id`,`conta_id`) VALUES (808,'2012-04-26','Creche','SAIDA',348.30,2,5);
INSERT INTO `movimentacoes` (`id`,`data`,`descricao`,`tipoMovimentacao`,`valor`,`categoria_id`,`conta_id`) VALUES (809,'2012-05-01','Aposentodaria','ENTRADA',1492.60,1,5);
INSERT INTO `movimentacoes` (`id`,`data`,`descricao`,`tipoMovimentacao`,`valor`,`categoria_id`,`conta_id`) VALUES (810,'2012-05-03','Supermercado','SAIDA',351.40,2,5);
INSERT INTO `movimentacoes` (`id`,`data`,`descricao`,`tipoMovimentacao`,`valor`,`categoria_id`,`conta_id`) VALUES (811,'2012-05-03','Luz','SAIDA',108.50,2,5);
INSERT INTO `movimentacoes` (`id`,`data`,`descricao`,`tipoMovimentacao`,`valor`,`categoria_id`,`conta_id`) VALUES (812,'2012-05-03',NULL,'SAIDA',1.50,2,5);
INSERT INTO `movimentacoes` (`id`,`data`,`descricao`,`tipoMovimentacao`,`valor`,`categoria_id`,`conta_id`) VALUES (813,'2012-05-03','Aluguel','SAIDA',753.10,2,5);
INSERT INTO `movimentacoes` (`id`,`data`,`descricao`,`tipoMovimentacao`,`valor`,`categoria_id`,`conta_id`) VALUES (814,'2012-05-03','Condomínio','SAIDA',232.60,2,5);
INSERT INTO `movimentacoes` (`id`,`data`,`descricao`,`tipoMovimentacao`,`valor`,`categoria_id`,`conta_id`) VALUES (815,'2012-05-04','TV por assinatura','SAIDA',152.70,2,5);
INSERT INTO `movimentacoes` (`id`,`data`,`descricao`,`tipoMovimentacao`,`valor`,`categoria_id`,`conta_id`) VALUES (816,'2012-05-04','Telefone fixo','SAIDA',52.23,2,5);
INSERT INTO `movimentacoes` (`id`,`data`,`descricao`,`tipoMovimentacao`,`valor`,`categoria_id`,`conta_id`) VALUES (817,'2012-05-08','Prestação Carro','SAIDA',216.00,7,5);
INSERT INTO `movimentacoes` (`id`,`data`,`descricao`,`tipoMovimentacao`,`valor`,`categoria_id`,`conta_id`) VALUES (818,'2012-05-08','Onibus','SAIDA',59.80,5,5);
INSERT INTO `movimentacoes` (`id`,`data`,`descricao`,`tipoMovimentacao`,`valor`,`categoria_id`,`conta_id`) VALUES (819,'2012-05-08','Plano de saúde','SAIDA',60.70,4,5);
INSERT INTO `movimentacoes` (`id`,`data`,`descricao`,`tipoMovimentacao`,`valor`,`categoria_id`,`conta_id`) VALUES (820,'2012-05-08','Medicamentos','SAIDA',124.89,4,5);
INSERT INTO `movimentacoes` (`id`,`data`,`descricao`,`tipoMovimentacao`,`valor`,`categoria_id`,`conta_id`) VALUES (821,'2012-05-22','Prestação da casa','SAIDA',242.40,2,5);
INSERT INTO `movimentacoes` (`id`,`data`,`descricao`,`tipoMovimentacao`,`valor`,`categoria_id`,`conta_id`) VALUES (822,'2012-05-22','Restaurante','SAIDA',93.90,6,5);
INSERT INTO `movimentacoes` (`id`,`data`,`descricao`,`tipoMovimentacao`,`valor`,`categoria_id`,`conta_id`) VALUES (823,'2012-05-22','Celular','SAIDA',55.60,6,5);
INSERT INTO `movimentacoes` (`id`,`data`,`descricao`,`tipoMovimentacao`,`valor`,`categoria_id`,`conta_id`) VALUES (824,'2012-05-26','Creche','SAIDA',336.30,2,5);
INSERT INTO `movimentacoes` (`id`,`data`,`descricao`,`tipoMovimentacao`,`valor`,`categoria_id`,`conta_id`) VALUES (825,'2012-06-01','Aposentodaria','ENTRADA',736.60,1,5);
INSERT INTO `movimentacoes` (`id`,`data`,`descricao`,`tipoMovimentacao`,`valor`,`categoria_id`,`conta_id`) VALUES (826,'2012-06-03','Supermercado','SAIDA',335.40,2,5);
INSERT INTO `movimentacoes` (`id`,`data`,`descricao`,`tipoMovimentacao`,`valor`,`categoria_id`,`conta_id`) VALUES (827,'2012-06-03','Luz','SAIDA',108.50,2,5);
INSERT INTO `movimentacoes` (`id`,`data`,`descricao`,`tipoMovimentacao`,`valor`,`categoria_id`,`conta_id`) VALUES (828,'2012-06-03',NULL,'SAIDA',1.50,2,5);
INSERT INTO `movimentacoes` (`id`,`data`,`descricao`,`tipoMovimentacao`,`valor`,`categoria_id`,`conta_id`) VALUES (829,'2012-06-03','Aluguel','SAIDA',541.10,2,5);
INSERT INTO `movimentacoes` (`id`,`data`,`descricao`,`tipoMovimentacao`,`valor`,`categoria_id`,`conta_id`) VALUES (830,'2012-06-03','Condomínio','SAIDA',222.60,2,5);
INSERT INTO `movimentacoes` (`id`,`data`,`descricao`,`tipoMovimentacao`,`valor`,`categoria_id`,`conta_id`) VALUES (831,'2012-06-04','TV por assinatura','SAIDA',152.70,2,5);
INSERT INTO `movimentacoes` (`id`,`data`,`descricao`,`tipoMovimentacao`,`valor`,`categoria_id`,`conta_id`) VALUES (832,'2012-06-04','Telefone fixo','SAIDA',66.23,2,5);
INSERT INTO `movimentacoes` (`id`,`data`,`descricao`,`tipoMovimentacao`,`valor`,`categoria_id`,`conta_id`) VALUES (833,'2012-06-08','Prestação Carro','SAIDA',226.00,7,5);
INSERT INTO `movimentacoes` (`id`,`data`,`descricao`,`tipoMovimentacao`,`valor`,`categoria_id`,`conta_id`) VALUES (834,'2012-06-08','Onibus','SAIDA',73.80,5,5);
INSERT INTO `movimentacoes` (`id`,`data`,`descricao`,`tipoMovimentacao`,`valor`,`categoria_id`,`conta_id`) VALUES (835,'2012-06-08','Plano de saúde','SAIDA',46.70,4,5);
INSERT INTO `movimentacoes` (`id`,`data`,`descricao`,`tipoMovimentacao`,`valor`,`categoria_id`,`conta_id`) VALUES (836,'2012-06-08','Medicamentos','SAIDA',142.89,4,5);
INSERT INTO `movimentacoes` (`id`,`data`,`descricao`,`tipoMovimentacao`,`valor`,`categoria_id`,`conta_id`) VALUES (837,'2012-06-22','Prestação da casa','SAIDA',238.40,2,5);
INSERT INTO `movimentacoes` (`id`,`data`,`descricao`,`tipoMovimentacao`,`valor`,`categoria_id`,`conta_id`) VALUES (838,'2012-06-22','Restaurante','SAIDA',97.90,6,5);
INSERT INTO `movimentacoes` (`id`,`data`,`descricao`,`tipoMovimentacao`,`valor`,`categoria_id`,`conta_id`) VALUES (839,'2012-06-22','Celular','SAIDA',55.60,6,5);
INSERT INTO `movimentacoes` (`id`,`data`,`descricao`,`tipoMovimentacao`,`valor`,`categoria_id`,`conta_id`) VALUES (840,'2012-06-26','Creche','SAIDA',336.30,2,5);
INSERT INTO `movimentacoes` (`id`,`data`,`descricao`,`tipoMovimentacao`,`valor`,`categoria_id`,`conta_id`) VALUES (841,'2012-07-01','Aposentodaria','ENTRADA',736.60,1,5);
INSERT INTO `movimentacoes` (`id`,`data`,`descricao`,`tipoMovimentacao`,`valor`,`categoria_id`,`conta_id`) VALUES (842,'2012-07-03','Supermercado','SAIDA',335.40,2,5);
INSERT INTO `movimentacoes` (`id`,`data`,`descricao`,`tipoMovimentacao`,`valor`,`categoria_id`,`conta_id`) VALUES (843,'2012-07-03','Luz','SAIDA',98.50,2,5);
INSERT INTO `movimentacoes` (`id`,`data`,`descricao`,`tipoMovimentacao`,`valor`,`categoria_id`,`conta_id`) VALUES (844,'2012-07-03',NULL,'SAIDA',1.50,2,5);
INSERT INTO `movimentacoes` (`id`,`data`,`descricao`,`tipoMovimentacao`,`valor`,`categoria_id`,`conta_id`) VALUES (845,'2012-07-03','Aluguel','SAIDA',69.10,2,5);
INSERT INTO `movimentacoes` (`id`,`data`,`descricao`,`tipoMovimentacao`,`valor`,`categoria_id`,`conta_id`) VALUES (846,'2012-07-03','Condomínio','SAIDA',232.60,2,5);
INSERT INTO `movimentacoes` (`id`,`data`,`descricao`,`tipoMovimentacao`,`valor`,`categoria_id`,`conta_id`) VALUES (847,'2012-07-04','TV por assinatura','SAIDA',170.70,2,5);
INSERT INTO `movimentacoes` (`id`,`data`,`descricao`,`tipoMovimentacao`,`valor`,`categoria_id`,`conta_id`) VALUES (848,'2012-07-04','Telefone fixo','SAIDA',68.23,2,5);
INSERT INTO `movimentacoes` (`id`,`data`,`descricao`,`tipoMovimentacao`,`valor`,`categoria_id`,`conta_id`) VALUES (849,'2012-07-08','Prestação Carro','SAIDA',216.00,7,5);
INSERT INTO `movimentacoes` (`id`,`data`,`descricao`,`tipoMovimentacao`,`valor`,`categoria_id`,`conta_id`) VALUES (850,'2012-07-08','Onibus','SAIDA',59.80,5,5);
INSERT INTO `movimentacoes` (`id`,`data`,`descricao`,`tipoMovimentacao`,`valor`,`categoria_id`,`conta_id`) VALUES (851,'2012-07-08','Plano de saúde','SAIDA',58.70,4,5);
INSERT INTO `movimentacoes` (`id`,`data`,`descricao`,`tipoMovimentacao`,`valor`,`categoria_id`,`conta_id`) VALUES (852,'2012-07-08','Medicamentos','SAIDA',136.89,4,5);
INSERT INTO `movimentacoes` (`id`,`data`,`descricao`,`tipoMovimentacao`,`valor`,`categoria_id`,`conta_id`) VALUES (853,'2012-07-22','Prestação da casa','SAIDA',226.40,2,5);
INSERT INTO `movimentacoes` (`id`,`data`,`descricao`,`tipoMovimentacao`,`valor`,`categoria_id`,`conta_id`) VALUES (854,'2012-07-22','Restaurante','SAIDA',99.90,6,5);
INSERT INTO `movimentacoes` (`id`,`data`,`descricao`,`tipoMovimentacao`,`valor`,`categoria_id`,`conta_id`) VALUES (855,'2012-07-22','Celular','SAIDA',55.60,6,5);
INSERT INTO `movimentacoes` (`id`,`data`,`descricao`,`tipoMovimentacao`,`valor`,`categoria_id`,`conta_id`) VALUES (856,'2012-07-26','Creche','SAIDA',336.30,2,5);
INSERT INTO `movimentacoes` (`id`,`data`,`descricao`,`tipoMovimentacao`,`valor`,`categoria_id`,`conta_id`) VALUES (857,'2012-08-01','Aposentodaria','ENTRADA',1184.60,1,5);
INSERT INTO `movimentacoes` (`id`,`data`,`descricao`,`tipoMovimentacao`,`valor`,`categoria_id`,`conta_id`) VALUES (858,'2012-08-03','Supermercado','SAIDA',335.40,2,5);
INSERT INTO `movimentacoes` (`id`,`data`,`descricao`,`tipoMovimentacao`,`valor`,`categoria_id`,`conta_id`) VALUES (859,'2012-08-03','Luz','SAIDA',110.50,2,5);
INSERT INTO `movimentacoes` (`id`,`data`,`descricao`,`tipoMovimentacao`,`valor`,`categoria_id`,`conta_id`) VALUES (860,'2012-08-03',NULL,'SAIDA',14.50,2,5);
INSERT INTO `movimentacoes` (`id`,`data`,`descricao`,`tipoMovimentacao`,`valor`,`categoria_id`,`conta_id`) VALUES (861,'2012-08-03','Aluguel','SAIDA',69.10,2,5);
INSERT INTO `movimentacoes` (`id`,`data`,`descricao`,`tipoMovimentacao`,`valor`,`categoria_id`,`conta_id`) VALUES (862,'2012-08-03','Condomínio','SAIDA',236.60,2,5);
INSERT INTO `movimentacoes` (`id`,`data`,`descricao`,`tipoMovimentacao`,`valor`,`categoria_id`,`conta_id`) VALUES (863,'2012-08-04','TV por assinatura','SAIDA',164.70,2,5);
INSERT INTO `movimentacoes` (`id`,`data`,`descricao`,`tipoMovimentacao`,`valor`,`categoria_id`,`conta_id`) VALUES (864,'2012-08-04','Telefone fixo','SAIDA',72.23,2,5);
INSERT INTO `movimentacoes` (`id`,`data`,`descricao`,`tipoMovimentacao`,`valor`,`categoria_id`,`conta_id`) VALUES (865,'2012-08-08','Prestação Carro','SAIDA',216.00,7,5);
INSERT INTO `movimentacoes` (`id`,`data`,`descricao`,`tipoMovimentacao`,`valor`,`categoria_id`,`conta_id`) VALUES (866,'2012-08-08','Onibus','SAIDA',59.80,5,5);
INSERT INTO `movimentacoes` (`id`,`data`,`descricao`,`tipoMovimentacao`,`valor`,`categoria_id`,`conta_id`) VALUES (867,'2012-08-08','Plano de saúde','SAIDA',60.70,4,5);
INSERT INTO `movimentacoes` (`id`,`data`,`descricao`,`tipoMovimentacao`,`valor`,`categoria_id`,`conta_id`) VALUES (868,'2012-08-08','Medicamentos','SAIDA',138.89,4,5);
INSERT INTO `movimentacoes` (`id`,`data`,`descricao`,`tipoMovimentacao`,`valor`,`categoria_id`,`conta_id`) VALUES (869,'2012-08-22','Prestação da casa','SAIDA',226.40,2,5);
INSERT INTO `movimentacoes` (`id`,`data`,`descricao`,`tipoMovimentacao`,`valor`,`categoria_id`,`conta_id`) VALUES (870,'2012-08-22','Restaurante','SAIDA',91.90,6,5);
INSERT INTO `movimentacoes` (`id`,`data`,`descricao`,`tipoMovimentacao`,`valor`,`categoria_id`,`conta_id`) VALUES (871,'2012-08-22','Celular','SAIDA',65.60,6,5);
INSERT INTO `movimentacoes` (`id`,`data`,`descricao`,`tipoMovimentacao`,`valor`,`categoria_id`,`conta_id`) VALUES (872,'2012-08-26','Creche','SAIDA',352.30,2,5);
INSERT INTO `movimentacoes` (`id`,`data`,`descricao`,`tipoMovimentacao`,`valor`,`categoria_id`,`conta_id`) VALUES (873,'2012-09-01','Aposentodaria','ENTRADA',1270.60,1,5);
INSERT INTO `movimentacoes` (`id`,`data`,`descricao`,`tipoMovimentacao`,`valor`,`categoria_id`,`conta_id`) VALUES (874,'2012-09-03','Supermercado','SAIDA',347.40,2,5);
INSERT INTO `movimentacoes` (`id`,`data`,`descricao`,`tipoMovimentacao`,`valor`,`categoria_id`,`conta_id`) VALUES (875,'2012-09-03','Luz','SAIDA',114.50,2,5);
INSERT INTO `movimentacoes` (`id`,`data`,`descricao`,`tipoMovimentacao`,`valor`,`categoria_id`,`conta_id`) VALUES (876,'2012-09-03',NULL,'SAIDA',1.50,2,5);
INSERT INTO `movimentacoes` (`id`,`data`,`descricao`,`tipoMovimentacao`,`valor`,`categoria_id`,`conta_id`) VALUES (877,'2012-09-03','Aluguel','SAIDA',69.10,2,5);
INSERT INTO `movimentacoes` (`id`,`data`,`descricao`,`tipoMovimentacao`,`valor`,`categoria_id`,`conta_id`) VALUES (878,'2012-09-03','Condomínio','SAIDA',234.60,2,5);
INSERT INTO `movimentacoes` (`id`,`data`,`descricao`,`tipoMovimentacao`,`valor`,`categoria_id`,`conta_id`) VALUES (879,'2012-09-04','TV por assinatura','SAIDA',152.70,2,5);
INSERT INTO `movimentacoes` (`id`,`data`,`descricao`,`tipoMovimentacao`,`valor`,`categoria_id`,`conta_id`) VALUES (880,'2012-09-04','Telefone fixo','SAIDA',66.23,2,5);
INSERT INTO `movimentacoes` (`id`,`data`,`descricao`,`tipoMovimentacao`,`valor`,`categoria_id`,`conta_id`) VALUES (881,'2012-09-08','Prestação Carro','SAIDA',216.00,7,5);
INSERT INTO `movimentacoes` (`id`,`data`,`descricao`,`tipoMovimentacao`,`valor`,`categoria_id`,`conta_id`) VALUES (882,'2012-09-08','Onibus','SAIDA',59.80,5,5);
INSERT INTO `movimentacoes` (`id`,`data`,`descricao`,`tipoMovimentacao`,`valor`,`categoria_id`,`conta_id`) VALUES (883,'2012-09-08','Plano de saúde','SAIDA',46.70,4,5);
INSERT INTO `movimentacoes` (`id`,`data`,`descricao`,`tipoMovimentacao`,`valor`,`categoria_id`,`conta_id`) VALUES (884,'2012-09-08','Medicamentos','SAIDA',136.89,4,5);
INSERT INTO `movimentacoes` (`id`,`data`,`descricao`,`tipoMovimentacao`,`valor`,`categoria_id`,`conta_id`) VALUES (885,'2012-09-22','Prestação da casa','SAIDA',238.40,2,5);
INSERT INTO `movimentacoes` (`id`,`data`,`descricao`,`tipoMovimentacao`,`valor`,`categoria_id`,`conta_id`) VALUES (886,'2012-09-22','Restaurante','SAIDA',97.90,6,5);
INSERT INTO `movimentacoes` (`id`,`data`,`descricao`,`tipoMovimentacao`,`valor`,`categoria_id`,`conta_id`) VALUES (887,'2012-09-22','Celular','SAIDA',55.60,6,5);
INSERT INTO `movimentacoes` (`id`,`data`,`descricao`,`tipoMovimentacao`,`valor`,`categoria_id`,`conta_id`) VALUES (888,'2012-09-26','Creche','SAIDA',336.30,2,5);
INSERT INTO `movimentacoes` (`id`,`data`,`descricao`,`tipoMovimentacao`,`valor`,`categoria_id`,`conta_id`) VALUES (889,'2012-10-01','Aposentodaria','ENTRADA',736.60,1,5);
INSERT INTO `movimentacoes` (`id`,`data`,`descricao`,`tipoMovimentacao`,`valor`,`categoria_id`,`conta_id`) VALUES (890,'2012-10-03','Supermercado','SAIDA',353.40,2,5);
INSERT INTO `movimentacoes` (`id`,`data`,`descricao`,`tipoMovimentacao`,`valor`,`categoria_id`,`conta_id`) VALUES (891,'2012-10-03','Luz','SAIDA',98.50,2,5);
INSERT INTO `movimentacoes` (`id`,`data`,`descricao`,`tipoMovimentacao`,`valor`,`categoria_id`,`conta_id`) VALUES (892,'2012-10-03',NULL,'SAIDA',1.50,2,5);
INSERT INTO `movimentacoes` (`id`,`data`,`descricao`,`tipoMovimentacao`,`valor`,`categoria_id`,`conta_id`) VALUES (893,'2012-10-03','Aluguel','SAIDA',69.10,2,5);
INSERT INTO `movimentacoes` (`id`,`data`,`descricao`,`tipoMovimentacao`,`valor`,`categoria_id`,`conta_id`) VALUES (894,'2012-10-03','Condomínio','SAIDA',234.60,2,5);
INSERT INTO `movimentacoes` (`id`,`data`,`descricao`,`tipoMovimentacao`,`valor`,`categoria_id`,`conta_id`) VALUES (895,'2012-10-04','TV por assinatura','SAIDA',166.70,2,5);
INSERT INTO `movimentacoes` (`id`,`data`,`descricao`,`tipoMovimentacao`,`valor`,`categoria_id`,`conta_id`) VALUES (896,'2012-10-04','Telefone fixo','SAIDA',70.23,2,5);
INSERT INTO `movimentacoes` (`id`,`data`,`descricao`,`tipoMovimentacao`,`valor`,`categoria_id`,`conta_id`) VALUES (897,'2012-10-08','Prestação Carro','SAIDA',216.00,7,5);
INSERT INTO `movimentacoes` (`id`,`data`,`descricao`,`tipoMovimentacao`,`valor`,`categoria_id`,`conta_id`) VALUES (898,'2012-10-08','Onibus','SAIDA',59.80,5,5);
INSERT INTO `movimentacoes` (`id`,`data`,`descricao`,`tipoMovimentacao`,`valor`,`categoria_id`,`conta_id`) VALUES (899,'2012-10-08','Plano de saúde','SAIDA',46.70,4,5);
INSERT INTO `movimentacoes` (`id`,`data`,`descricao`,`tipoMovimentacao`,`valor`,`categoria_id`,`conta_id`) VALUES (900,'2012-10-08','Medicamentos','SAIDA',142.89,4,5);
INSERT INTO `movimentacoes` (`id`,`data`,`descricao`,`tipoMovimentacao`,`valor`,`categoria_id`,`conta_id`) VALUES (901,'2012-10-22','Prestação da casa','SAIDA',226.40,2,5);
INSERT INTO `movimentacoes` (`id`,`data`,`descricao`,`tipoMovimentacao`,`valor`,`categoria_id`,`conta_id`) VALUES (902,'2012-10-22','Restaurante','SAIDA',79.90,6,5);
INSERT INTO `movimentacoes` (`id`,`data`,`descricao`,`tipoMovimentacao`,`valor`,`categoria_id`,`conta_id`) VALUES (903,'2012-10-22','Celular','SAIDA',55.60,6,5);
INSERT INTO `movimentacoes` (`id`,`data`,`descricao`,`tipoMovimentacao`,`valor`,`categoria_id`,`conta_id`) VALUES (904,'2012-10-26','Creche','SAIDA',350.30,2,5);
INSERT INTO `movimentacoes` (`id`,`data`,`descricao`,`tipoMovimentacao`,`valor`,`categoria_id`,`conta_id`) VALUES (905,'2012-11-01','Aposentodaria','ENTRADA',736.60,1,5);
INSERT INTO `movimentacoes` (`id`,`data`,`descricao`,`tipoMovimentacao`,`valor`,`categoria_id`,`conta_id`) VALUES (906,'2012-11-03','Supermercado','SAIDA',349.40,2,5);
INSERT INTO `movimentacoes` (`id`,`data`,`descricao`,`tipoMovimentacao`,`valor`,`categoria_id`,`conta_id`) VALUES (907,'2012-11-03','Luz','SAIDA',116.50,2,5);
INSERT INTO `movimentacoes` (`id`,`data`,`descricao`,`tipoMovimentacao`,`valor`,`categoria_id`,`conta_id`) VALUES (908,'2012-11-03',NULL,'SAIDA',1.50,2,5);
INSERT INTO `movimentacoes` (`id`,`data`,`descricao`,`tipoMovimentacao`,`valor`,`categoria_id`,`conta_id`) VALUES (909,'2012-11-03','Aluguel','SAIDA',661.10,2,5);
INSERT INTO `movimentacoes` (`id`,`data`,`descricao`,`tipoMovimentacao`,`valor`,`categoria_id`,`conta_id`) VALUES (910,'2012-11-03','Condomínio','SAIDA',234.60,2,5);
INSERT INTO `movimentacoes` (`id`,`data`,`descricao`,`tipoMovimentacao`,`valor`,`categoria_id`,`conta_id`) VALUES (911,'2012-11-04','TV por assinatura','SAIDA',152.70,2,5);
INSERT INTO `movimentacoes` (`id`,`data`,`descricao`,`tipoMovimentacao`,`valor`,`categoria_id`,`conta_id`) VALUES (912,'2012-11-04','Telefone fixo','SAIDA',68.23,2,5);
INSERT INTO `movimentacoes` (`id`,`data`,`descricao`,`tipoMovimentacao`,`valor`,`categoria_id`,`conta_id`) VALUES (913,'2012-11-08','Prestação Carro','SAIDA',226.00,7,5);
INSERT INTO `movimentacoes` (`id`,`data`,`descricao`,`tipoMovimentacao`,`valor`,`categoria_id`,`conta_id`) VALUES (914,'2012-11-08','Onibus','SAIDA',59.80,5,5);
INSERT INTO `movimentacoes` (`id`,`data`,`descricao`,`tipoMovimentacao`,`valor`,`categoria_id`,`conta_id`) VALUES (915,'2012-11-08','Plano de saúde','SAIDA',58.70,4,5);
INSERT INTO `movimentacoes` (`id`,`data`,`descricao`,`tipoMovimentacao`,`valor`,`categoria_id`,`conta_id`) VALUES (916,'2012-11-08','Medicamentos','SAIDA',124.89,4,5);
INSERT INTO `movimentacoes` (`id`,`data`,`descricao`,`tipoMovimentacao`,`valor`,`categoria_id`,`conta_id`) VALUES (917,'2012-11-22','Prestação da casa','SAIDA',238.40,2,5);
INSERT INTO `movimentacoes` (`id`,`data`,`descricao`,`tipoMovimentacao`,`valor`,`categoria_id`,`conta_id`) VALUES (918,'2012-11-22','Restaurante','SAIDA',79.90,6,5);
INSERT INTO `movimentacoes` (`id`,`data`,`descricao`,`tipoMovimentacao`,`valor`,`categoria_id`,`conta_id`) VALUES (919,'2012-11-22','Celular','SAIDA',73.60,6,5);
INSERT INTO `movimentacoes` (`id`,`data`,`descricao`,`tipoMovimentacao`,`valor`,`categoria_id`,`conta_id`) VALUES (920,'2012-11-26','Creche','SAIDA',336.30,2,5);
INSERT INTO `movimentacoes` (`id`,`data`,`descricao`,`tipoMovimentacao`,`valor`,`categoria_id`,`conta_id`) VALUES (921,'2012-12-01','Aposentodaria','ENTRADA',1488.60,1,5);
INSERT INTO `movimentacoes` (`id`,`data`,`descricao`,`tipoMovimentacao`,`valor`,`categoria_id`,`conta_id`) VALUES (922,'2012-12-03','Supermercado','SAIDA',335.40,2,5);
INSERT INTO `movimentacoes` (`id`,`data`,`descricao`,`tipoMovimentacao`,`valor`,`categoria_id`,`conta_id`) VALUES (923,'2012-12-03','Luz','SAIDA',98.50,2,5);
INSERT INTO `movimentacoes` (`id`,`data`,`descricao`,`tipoMovimentacao`,`valor`,`categoria_id`,`conta_id`) VALUES (924,'2012-12-03',NULL,'SAIDA',14.50,2,5);
INSERT INTO `movimentacoes` (`id`,`data`,`descricao`,`tipoMovimentacao`,`valor`,`categoria_id`,`conta_id`) VALUES (925,'2012-12-03','Aluguel','SAIDA',825.10,2,5);
INSERT INTO `movimentacoes` (`id`,`data`,`descricao`,`tipoMovimentacao`,`valor`,`categoria_id`,`conta_id`) VALUES (926,'2012-12-03','Condomínio','SAIDA',222.60,2,5);
INSERT INTO `movimentacoes` (`id`,`data`,`descricao`,`tipoMovimentacao`,`valor`,`categoria_id`,`conta_id`) VALUES (927,'2012-12-04','TV por assinatura','SAIDA',168.70,2,5);
INSERT INTO `movimentacoes` (`id`,`data`,`descricao`,`tipoMovimentacao`,`valor`,`categoria_id`,`conta_id`) VALUES (928,'2012-12-04','Telefone fixo','SAIDA',64.23,2,5);
INSERT INTO `movimentacoes` (`id`,`data`,`descricao`,`tipoMovimentacao`,`valor`,`categoria_id`,`conta_id`) VALUES (929,'2012-12-08','Prestação Carro','SAIDA',236.00,7,5);
INSERT INTO `movimentacoes` (`id`,`data`,`descricao`,`tipoMovimentacao`,`valor`,`categoria_id`,`conta_id`) VALUES (930,'2012-12-08','Onibus','SAIDA',77.80,5,5);
INSERT INTO `movimentacoes` (`id`,`data`,`descricao`,`tipoMovimentacao`,`valor`,`categoria_id`,`conta_id`) VALUES (931,'2012-12-08','Plano de saúde','SAIDA',46.70,4,5);
INSERT INTO `movimentacoes` (`id`,`data`,`descricao`,`tipoMovimentacao`,`valor`,`categoria_id`,`conta_id`) VALUES (932,'2012-12-08','Medicamentos','SAIDA',124.89,4,5);
INSERT INTO `movimentacoes` (`id`,`data`,`descricao`,`tipoMovimentacao`,`valor`,`categoria_id`,`conta_id`) VALUES (933,'2012-12-22','Prestação da casa','SAIDA',244.40,2,5);
INSERT INTO `movimentacoes` (`id`,`data`,`descricao`,`tipoMovimentacao`,`valor`,`categoria_id`,`conta_id`) VALUES (934,'2012-12-22','Restaurante','SAIDA',95.90,6,5);
INSERT INTO `movimentacoes` (`id`,`data`,`descricao`,`tipoMovimentacao`,`valor`,`categoria_id`,`conta_id`) VALUES (935,'2012-12-22','Celular','SAIDA',67.60,6,5);
INSERT INTO `movimentacoes` (`id`,`data`,`descricao`,`tipoMovimentacao`,`valor`,`categoria_id`,`conta_id`) VALUES (936,'2012-12-26','Creche','SAIDA',336.30,2,5);

